case_id,state,isMetro,areaname,county,family_member_count,housing_cost,food_cost,transportation_cost,healthcare_cost,other_necessities_cost,childcare_cost,taxes,total_cost,median_family_income
3,AL,FALSE,"Barbour County, AL",Barbour County,1p4c,9672,11413.96584,12530.8248,16923.4572,7640.27712,13736.3484,7203.9456,79120.8168,42822.75391
15,AL,FALSE,"Cleburne County, AL",Cleburne County,1p2c,7608,6810.51564,12842.4624,11305.12356,5224.39668,11893.93428,6387.01176,62071.4412,58880.25781
17,AL,TRUE,"Florence-Muscle Shoals, AL MSA",Colbert County,1p3c,11686.875,8577.4548,12459.8508,14145.0612,7342.56588,16268.0724,9036.44532,79516.3248,62369.41406
18,AL,FALSE,"Conecuh County, AL",Conecuh County,1p3c,10884,8846.43456,13336.9356,14114.2908,7149.11424,13986.5436,8287.6956,76605.012,49227.06641
23,AL,FALSE,"Dale County, AL",Dale County,1p4c,10680,11633.46612,13078.386,16923.4572,8085.04908,14300.5416,8337.91404,83038.8168,58943.92188
28,AL,TRUE,"Gadsden, AL MSA",Etowah County,1p0c,6684,3143.66268,10559.24856,5497.47984,3560.94984,0,5573.61324,35018.9532,58943.92188
34,AL,TRUE,"Henry County, AL HUD Metro FMR Area",Henry County,2p0c,6384,6143.80368,13559.3436,11186.95968,4539.31752,0,7022.24196,48835.6668,62311.91016
41,AL,TRUE,"Auburn-Opelika, AL MSA",Lee County,1p1c,9888,5443.38684,11038.35864,9036.76752,5555.16612,5445.76212,6585.85908,52993.3008,74677.97656
65,AL,FALSE,"Washington County, AL",Washington County,2p1c,7776,7575.56172,14497.8504,14182.746,5562.4764,4919.139,7774.6794,62288.4552,54296.50781
99,AZ,TRUE,"Flagstaff, AZ MSA",Coconino County,2p1c,15780,7788.62472,14504.976,16218.3468,8539.842,9541.77252,10328.0706,82701.6324,77820.0625
100,AZ,FALSE,"Gila County, AZ",Gila County,2p2c,11508,9204.51636,14827.0104,16460.892,7504.9614,13162.2372,7685.91432,80353.5348,52807.60938
101,AZ,FALSE,"Graham County, AZ",Graham County,1p4c,15420,10828.63476,14340.6132,16585.4916,9510.91548,15240.45,8615.19504,90541.3008,61065.34375
102,AZ,FALSE,"Greenlee County, AZ",Greenlee County,1p2c,9048,6765.70896,12397.8936,11051.38476,5729.9304,12061.1916,4936.59372,61990.7052,66232.33594
110,AZ,TRUE,"Prescott, AZ MSA",Yavapai County,2p3c,17496,12153.1644,15396.2748,22492.086,10743.06156,18932.0988,12483.9912,109696.6752,66341.17969
123,AR,FALSE,"Cleburne County, AR",Cleburne County,1p2c,8436,6944.9334,12858.024,9630.38232,5573.11848,9183.9954,5284.94124,57911.3964,56549.36328
126,AR,FALSE,"Conway County, AR",Conway County,2p2c,7848,8365.01736,14509.1892,14477.172,5874.61524,9156.279,5698.48428,65928.756,56524.71875
130,AR,FALSE,"Cross County, AR",Cross County,1p0c,6264,2915.41044,11001.22188,4846.79004,3326.06256,0,5136.40608,33489.8904,62636.39063
136,AR,FALSE,"Fulton County, AR",Fulton County,2p0c,5952,5592.19296,13211.3232,9693.58008,4182.91668,0,5417.3244,44049.3372,47429.09375
152,AR,TRUE,"Little River County, AR HUD Metro FMR Area",Little River County,2p4c,11232,13080.6852,15233.5812,19239.5844,8809.44504,14765.9652,7456.60908,89817.8676,61411.38672
157,AR,TRUE,"Texarkana, TX-Texarkana, AR HUD Metro FMR Area",Miller County,2p2c,9696.55152,9054.60648,13701.1464,14373.2724,6794.28372,13470.5328,7580.85936,74671.254,57831.87109
160,AR,FALSE,"Montgomery County, AR",Montgomery County,2p1c,7848,6912.69948,13944.6708,12085.3764,5348.38368,4970.75868,6150.56256,57260.4492,48547.30859
164,AR,TRUE,"Little Rock-North Little Rock-Conway, AR HUD Metro FMR Area",Perry County,2p2c,7602.99096,9264.48048,15596.5956,14373.2724,6111.75,12080.2584,7011.60576,72040.9572,61168.02734
168,AR,FALSE,"Polk County, AR",Polk County,2p2c,7848,8784.76752,14414.0784,14477.172,6026.7078,9178.40112,5835.94524,66565.0728,45495.58203
170,AR,FALSE,"Prairie County, AR",Prairie County,1p1c,7848,4480.09128,11907.27396,7238.58624,4466.95344,4760.50308,4720.5978,45422.0064,57522.79688
179,AR,FALSE,"Sharp County, AR",Sharp County,2p1c,7848,6746.98392,13734.0048,12085.3764,5288.3382,4804.77132,5989.0272,56496.504,45333.34375
191,CA,FALSE,"Calaveras County, CA",Calaveras County,2p1c,12732,10511.09112,17036.4504,15869.022,8421.8892,7254.64668,9955.56228,81780.6624,83174.96094
193,CA,TRUE,"Oakland-Fremont, CA HUD Metro FMR Area",Contra Costa County,1p0c,19291.8936,3911.42244,11116.33956,5480.37996,8407.4766,0,10739.031,58946.5428,117607.5234
212,CA,FALSE,"Mono County, CA",Mono County,2p0c,12072,6181.84572,15056.9748,12738.5592,6614.08812,0,8069.9334,60733.4004,73730.21875
218,CA,FALSE,"Plumas County, CA",Plumas County,1p1c,11244,5321.064,13591.6644,9523.74168,6002.17608,6909.25632,5898.83208,58490.736,76149.42188
222,CA,TRUE,"Riverside-San Bernardino-Ontario, CA MSA",San Bernardino County,2p3c,22225.674,11347.83396,16070.9088,15622.5648,12165.006,14910.3096,10802.30496,103144.6056,72070.86719
223,CA,TRUE,"San Diego-Carlsbad, CA MSA",San Diego County,2p4c,35844,15768.4968,16365.7872,18622.0956,18701.244,18602.4372,22401.8604,146305.92,93476.08594
236,CA,TRUE,"Modesto, CA MSA",Stanislaus County,1p3c,20796,9862.57908,13907.9244,12507.114,11108.81256,14364.5088,11565.3516,94112.2908,69057.13281
248,CO,FALSE,"Archuleta County, CO",Archuleta County,2p0c,9408,6276.95136,13741.668,8034.56028,5683.27656,0,6604.01952,49748.478,63746.38672
249,CO,FALSE,"Baca County, CO",Baca County,2p3c,12600,10030.02024,16553.4,15272.6484,8199.74856,13247.8632,7754.21856,83657.9004,49474.53125
250,CO,FALSE,"Bent County, CO",Bent County,1p0c,7824,3164.41296,12262.8204,4353.2802,3981.53544,0,5799.61116,37385.6604,41665.51953
256,CO,FALSE,"Conejos County, CO",Conejos County,2p3c,11340,12336.1932,16578.6456,15272.6484,8578.8186,12744.9096,8006.99196,84858.2112,48022.60156
258,CO,FALSE,"Crowley County, CO",Crowley County,2p3c,13452,12079.9512,16826.1624,15272.6484,9251.2332,13379.0964,8912.03904,89173.1304,55865.49609
260,CO,FALSE,"Delta County, CO",Delta County,2p2c,11772,9624.26664,15677.0172,12078.0552,7752.71124,12618.9144,8174.28876,77697.252,63045.06641
261,CO,TRUE,"Denver-Aurora-Lakewood, CO MSA",Denver County,1p2c,18321.486,8154.69648,10881.18972,7923.40428,9593.36568,20453.46,12498.6024,87826.2072,90000.27344
266,CO,TRUE,"Colorado Springs, CO HUD Metro FMR Area",El Paso County,1p4c,20604,12072.4632,13289.49,11711.18112,11839.971,20847.21,14200.7976,104565.1176,84155.58594
267,CO,FALSE,"Fremont County, CO",Fremont County,2p0c,8148,6048.69876,13289.6724,8706.56028,5144.02368,0,6157.57392,47494.5288,62948.54297
270,CO,FALSE,"Grand County, CO",Grand County,1p0c,9060,3745.42056,12167.658,4017.2802,4639.90908,0,6304.58568,39934.854,87745.36719
297,CO,FALSE,"Rio Blanco County, CO",Rio Blanco County,1p0c,8148,3558.66792,12171.8004,4017.2802,4241.7876,0,5935.96476,38073.5004,77894
298,CO,FALSE,"Rio Grande County, CO",Rio Grande County,2p1c,8940,8120.0544,15229.0212,10895.25588,6181.53,7223.37372,7434.9024,64024.1364,59639.08203
299,CO,FALSE,"Routt County, CO",Routt County,2p2c,16740,12712.4268,15263.6832,12078.0552,10671.77568,15329.9928,11615.29692,94411.23,97519.72656
300,CO,FALSE,"Saguache County, CO",Saguache County,1p4c,11640,12548.046,15313.3932,13108.0632,8764.28316,12885.93,7406.75028,81666.4692,52875.37891
301,CO,FALSE,"San Juan County, CO",San Juan County,2p3c,15936,13763.8248,16535.2128,14099.802,10761.41748,14489.4072,10415.16432,96000.8256,62893.09375
304,CO,FALSE,"Summit County, CO",Summit County,1p0c,14400,4606.55568,11104.46928,4017.2802,6886.82448,0,8120.32392,49135.4532,92208.97656
312,CT,TRUE,"Hartford-West Hartford-East Hartford, CT HUD Metro FMR Area",Hartford County,1p0c,10571.6052,3558.66792,9388.06932,4888.53996,5119.9548,0,6447.57792,39974.4144,98193.32031
313,CT,FALSE,"Litchfield County, CT",Litchfield County,1p0c,9672,3776.54556,11152.37628,5258.18004,4872.93864,0,6810.48408,41542.524,104093.4609
314,CT,TRUE,"Hartford-West Hartford-East Hartford, CT HUD Metro FMR Area | Southern Middlesex County, CT HUD Metro FMR Area |  |",Middlesex County,2p4c,22304.118,17381.1852,16800.072,20904.5532,14379.5508,20059.1616,19778.5308,131607.18,112971.3984
316,CT,TRUE,"Milford-Ansonia-Seymour, CT HUD Metro FMR Area | New Haven-Meriden, CT HUD Metro FMR Area | Waterbury, CT HUD Metro FMR Area |",New Haven County,2p1c,16509.9012,8072.7078,13071.3204,13044.9492,8907.249,12780.8508,12171.75,84558.726,92875.39063
319,CT,TRUE,"Norwich-New London, CT HUD Metro FMR Area | Colchester-Lebanon, CT HUD Metro FMR Area |  |",New London County,1p0c,9757.10232,3683.16984,10662.23952,5212.53996,4869.9408,0,6645.89064,40830.882,93953.55469
330,FL,FALSE,"Bradford County, FL",Bradford County,2p1c,8916,7149.43584,13588.0032,14512.3332,5821.14108,5773.02984,5517.40248,61277.3436,56017.46875
345,FL,TRUE,"Tallahassee, FL HUD Metro FMR Area",Gadsden County,2p2c,8407.91676,8844.73248,15495.912,18935.7324,6251.31516,9943.00272,5366.46864,73245.0816,52053.91797
350,FL,FALSE,"Hardee County, FL",Hardee County,1p2c,9000,6541.6794,12541.6188,15204.8808,5631.36324,9823.08324,4355.96892,63098.5956,50667.70313
351,FL,FALSE,"Hendry County, FL",Hendry County,2p4c,12600,13707.8412,14515.6788,23758.6416,9532.36812,11234.91132,4854.4296,90203.8716,46288.29297
377,FL,TRUE,"Tampa-St. Petersburg-Clearwater, FL MSA",Pasco County,2p4c,18862.4712,15096.5436,15124.5924,20053.0296,12304.6908,14168.0568,7501.24224,103110.6216,67147.23438
378,FL,TRUE,"Tampa-St. Petersburg-Clearwater, FL MSA",Pinellas County,2p1c,15204.6816,8285.7708,12000.522,12509.4024,8511.51708,7670.23824,7255.90644,71438.0388,74353.5
384,FL,TRUE,"North Port-Sarasota-Bradenton, FL MSA",Sarasota County,2p0c,12583.0596,7018.77324,11784.8694,9746.95968,7102.5168,0,6532.37112,54768.5508,80030.82031
386,FL,TRUE,"The Villages, FL MSA",Sumter County,1p0c,8592,3579.4182,10542.498,4549.47984,4410.18492,0,4778.81652,36452.3964,72456.95313
390,FL,TRUE,"Deltona-Daytona Beach-Ormond Beach, FL HUD Metro FMR Area",Volusia County,2p4c,16872,15723.702,14988.6492,19861.6308,11810.70852,13153.458,6656.59356,99066.738,64295.73828
391,FL,TRUE,"Wakulla County, FL HUD Metro FMR Area",Wakulla County,2p2c,10704,9294.46368,15149.928,16564.6908,7246.23192,11056.78056,5819.38296,75835.476,72819.42188
401,GA,TRUE,"Atlanta-Sandy Springs-Roswell, GA HUD Metro FMR Area",Bartow County,2p3c,14410.6788,10688.92752,15170.85,18104.9352,9094.57692,12567.0072,9189.53904,89226.516,67339.25
403,GA,FALSE,"Berrien County, GA",Berrien County,2p1c,7776,7220.45724,13768.4736,12984.2496,5433.8082,5135.46936,6855.21456,59173.6704,51553.85547
404,GA,TRUE,"Macon-Bibb County, GA HUD Metro FMR Area",Bibb County,2p4c,12200.6172,13304.67,14122.1892,20531.5272,9241.57176,11441.19144,7053.46068,87895.23,57824.68359
405,GA,FALSE,"Bleckley County, GA",Bleckley County,2p3c,10272,11201.41044,15285.4176,17999.9268,7780.66404,8998.36884,6783.83568,78321.6216,57438.59375
410,GA,TRUE,"Augusta-Richmond County, GA-SC HUD Metro FMR Area",Burke County,2p0c,5903.3628,5306.877,13400.2104,10010.95968,4061.91216,0,6141.85548,44825.1768,48817.36328
413,GA,FALSE,"Camden County, GA",Camden County,2p2c,10392,10133.96412,14459.5308,13579.05,7437.36624,9318.30108,7374.89868,72695.1096,64371.72656
426,GA,TRUE,"Atlanta-Sandy Springs-Roswell, GA HUD Metro FMR Area",Cobb County,2p2c,14692.308,10193.92752,13907.088,15199.5444,9017.26464,12807.444,10281.52368,86099.0976,98035.1875
438,GA,FALSE,"Dodge County, GA",Dodge County,1p1c,7776,4510.67244,11678.4258,7723.57176,4451.94612,5041.89696,4938.50796,46121.022,50540.37891
440,GA,TRUE,"Albany, GA MSA",Dougherty County,2p4c,11794.03716,13528.6536,13665.8472,20818.626,9175.40916,11323.25172,6898.39824,87204.2232,48077.02344
453,GA,TRUE,"Atlanta-Sandy Springs-Roswell, GA HUD Metro FMR Area",Fulton County,1p3c,18532.4112,11058.04392,11507.8608,12740.3568,10721.78832,14304.2232,12168.6252,91033.3068,98122.46875
455,GA,FALSE,"Glascock County, GA",Glascock County,2p3c,11124,10432.68456,15320.0328,17748.6024,7810.83696,9113.51364,6787.24224,78336.9144,70410.49219
458,GA,FALSE,"Grady County, GA",Grady County,2p4c,10884,12856.7004,13627.4256,20696.2572,8602.19244,9044.10864,5557.83576,81268.518,54457.71875
464,GA,TRUE,"Haralson County, GA HUD Metro FMR Area",Haralson County,2p2c,9468,9024.624,14196.6312,18468.7092,6700.60692,10559.39424,8240.31228,76658.2788,61775.91016
467,GA,TRUE,"Atlanta-Sandy Springs-Roswell, GA HUD Metro FMR Area",Heard County,2p0c,6758.35692,5877.50868,14161.4352,12242.9592,4578.47244,0,7427.47632,51046.2072,65226.04297
473,GA,FALSE,"Jeff Davis County, GA",Jeff Davis County,2p4c,9672,12856.7004,14493.486,20600.5572,8163.0366,8833.3836,5236.27332,79855.4352,44287.00781
475,GA,FALSE,"Jenkins County, GA",Jenkins County,2p1c,7776,7173.10908,13596.2244,12714.588,5416.65156,5092.17072,6703.89036,58472.6304,40697.22266
476,GA,FALSE,"Johnson County, GA",Johnson County,2p4c,10524,13125.4824,14295.0048,20600.5572,8569.13964,9036.11064,5687.00796,81837.3048,52772.69922
478,GA,TRUE,"Lamar County, GA HUD Metro FMR Area",Lamar County,1p3c,11568,8607.34272,13069.6104,12979.4544,7310.32248,11272.76736,6575.14452,71382.6444,66530.10938
481,GA,TRUE,"Albany, GA MSA",Lee County,1p2c,10760.88504,7617.02412,12572.796,10409.313,6659.0412,10935.87012,6938.781,65893.7112,81660.39844
484,GA,TRUE,"Long County, GA HUD Metro FMR Area",Long County,1p0c,6984,3071.037,10858.75044,4921.47984,3643.33632,0,5641.5018,35120.106,60126.82422
492,GA,TRUE,"Meriwether County, GA HUD Metro FMR Area",Meriwether County,1p0c,7260,3278.53968,11411.30496,5401.47984,3818.52864,0,6081.32232,37251.1752,49038.13281
494,GA,FALSE,"Mitchell County, GA",Mitchell County,2p1c,7776,6770.658,13511.3076,13074.138,5270.82756,4978.09164,6597.01176,57978.0348,42112.19141
497,GA,TRUE,"Morgan County, GA HUD Metro FMR Area",Morgan County,2p3c,13608,11311.22748,16025.8272,16596.99,9029.21928,12336.5748,8872.99224,87780.8316,79032.75
498,GA,TRUE,"Murray County, GA HUD Metro FMR Area",Murray County,1p0c,6228,3029.53656,10690.79004,5365.47984,3354.37056,0,5430.33,34098.5064,56741.37891
499,GA,TRUE,"Columbus, GA-AL MSA",Muscogee County,1p3c,13596.3672,9713.14524,11301.26004,12471.3708,8445.9558,12204.6564,7641.1326,75373.8864,61685.54688
500,GA,TRUE,"Atlanta-Sandy Springs-Roswell, GA HUD Metro FMR Area",Newton County,2p4c,15533.3892,13125.4824,15623.0844,20722.926,10384.23924,13040.2032,9487.72632,97917.0528,64460.03125
502,GA,TRUE,"Athens-Clarke County, GA MSA",Oglethorpe County,2p3c,11325.69216,12006.7404,15844.4328,16596.99,8454.26076,11071.10964,7855.39092,83154.6156,61187.53906
506,GA,FALSE,"Pierce County, GA",Pierce County,1p1c,7776,4327.18692,11825.07132,7975.04592,4385.46168,5079.97224,5008.37112,46377.108,52182.27344
508,GA,FALSE,"Polk County, GA",Polk County,2p4c,11136,12677.5128,14684.9784,21222.6036,8628.57492,9236.53128,6107.47668,83693.6772,58134.78516
519,GA,TRUE,"Atlanta-Sandy Springs-Roswell, GA HUD Metro FMR Area",Spalding County,1p4c,13411.0044,10426.21872,13384.9356,15597.4464,8637.1662,12145.6668,7271.04708,80873.484,56829.6875
524,GA,FALSE,"Taliaferro County, GA",Taliaferro County,1p4c,9672,12365.1312,13648.32,15166.8192,7984.92192,9107.80956,5073.06264,73018.0668,47490.70313
530,GA,FALSE,"Tift County, GA",Tift County,2p0c,6132,5934.57168,12376.4856,10413.58008,4372.1946,0,6283.86324,45512.6952,54993.72266
536,GA,TRUE,"Macon-Bibb County, GA HUD Metro FMR Area",Twiggs County,1p1c,7181.1834,4587.1242,12096.072,7671.62184,4264.12176,5717.39976,5063.8242,46581.3456,54204.09375
537,GA,FALSE,"Union County, GA",Union County,1p2c,7776,7012.14336,13126.3428,10108.87944,5358.32736,8271.43584,4801.75008,56454.8784,62796.57422
543,GA,FALSE,"Washington County, GA",Washington County,2p3c,10524,10579.11036,13999.878,17664.828,7646.4888,8962.54104,6162.53904,75539.3844,49627.53125
555,HI,TRUE,"Kahului-Wailuku-Lahaina, HI MSA",Kalawao County,2p4c,20795.49,21150.936,13741.0476,18478.5468,15198.8448,17702.484,18589.6008,125656.944,129636.7891
556,HI,FALSE,"Kauai County, HI",Kauai County,2p0c,18228,9144.57348,13916.9244,9402.56028,9918.16332,0,12672.336,73282.5588,95085.11719
557,HI,TRUE,"Kahului-Wailuku-Lahaina, HI MSA",Maui County,1p0c,15856.38,5392.0008,11341.07964,4616.37996,7699.12644,0,10927.1916,55832.1564,92012.85156
558,ID,TRUE,"Boise City, ID HUD Metro FMR Area",Ada County,2p1c,12517.956,8262.09672,14005.4916,11813.86812,7529.4324,7623.74196,8657.59356,70410.1812,87161.10156
561,ID,FALSE,"Bear Lake County, ID",Bear Lake County,1p4c,12600,10938.38448,15584.1288,15223.2012,8528.88504,13699.9044,7532.0076,84106.512,68784
562,ID,FALSE,"Benewah County, ID",Benewah County,2p4c,14160,15096.5436,15672.9228,18609.738,10600.80024,14151.7692,8440.55496,96732.3276,54157.88672
579,ID,FALSE,"Fremont County, ID",Fremont County,1p1c,9012,4984.67472,12840.9144,8176.55856,5071.54728,5894.58144,5499.3984,51479.6724,64309.08984
580,ID,TRUE,"Gem County, ID HUD Metro FMR Area",Gem County,2p2c,10788,9894.10548,15408.5856,14178.9768,7493.94216,13866.2184,8271.9294,79901.76,57425.24609
581,ID,FALSE,"Gooding County, ID",Gooding County,1p4c,12696,11231.05008,14052.3204,15187.35,8669.7144,13734.5688,7054.11696,82625.1216,61329.23828
582,ID,FALSE,"Idaho County, ID",Idaho County,1p0c,7032,3548.29284,12486.2748,5097.2802,3833.65728,0,6152.5686,38150.0748,52979.08984
583,ID,TRUE,"Idaho Falls, ID HUD Metro FMR Area",Jefferson County,1p0c,6300.53688,3330.41496,12112.0644,5132.37996,3489.6738,0,5703.3006,36068.37,70943.41406
601,ID,FALSE,"Washington County, ID",Washington County,2p4c,11676,13573.4496,15953.4684,19279.6344,9148.87128,13470.9084,6615.58596,89717.9184,50075.22656
603,IL,TRUE,"Cape Girardeau, MO-IL MSA",Alexander County,1p0c,4349.68356,2936.16048,10851.96384,7069.34988,2639.94876,0,5396.24232,33243.3492,46540.89063
610,IL,FALSE,"Cass County, IL",Cass County,2p1c,8400,6936.37428,13903.7208,15247.5072,5556.97344,6823.20192,8577.46068,65445.24,63010.15234
615,IL,TRUE,"St. Louis, MO-IL HUD Metro FMR Area",Clinton County,2p0c,7827.16992,5116.66668,13902.0888,12650.7,4690.06272,0,7898.2932,52084.98,82805.30469
630,IL,FALSE,"Fulton County, IL",Fulton County,2p0c,6828,5078.62464,12909.2568,12445.38,4314.23988,0,7245.33984,48820.8396,65025.8125
634,IL,FALSE,"Hamilton County, IL",Hamilton County,1p4c,10452,10023.80352,14268.1752,21257.9808,7419.19116,13241.6628,9174.71124,85837.524,64124.25781
635,IL,FALSE,"Hancock County, IL",Hancock County,2p4c,11592,12319.1376,15753.432,24469.1412,8663.94804,13607.8536,9438.36696,95843.8824,67415.23438
639,IL,FALSE,"Iroquois County, IL",Iroquois County,2p1c,8400,7102.0884,14733.582,15097.6944,5617.01808,6882.37284,8827.26564,66660.024,68963.6875
643,IL,TRUE,"St. Louis, MO-IL HUD Metro FMR Area",Jersey County,1p1c,8017.49268,4495.38168,12831.8604,9661.311,4533.9078,8760.906,7299.49224,55600.3536,86755.50781
648,IL,TRUE,"Kendall County, IL HUD Metro FMR Area",Kendall County,1p4c,22032,10462.8018,14643.1212,16155.9168,11774.14824,22549.6752,18072.5316,115690.1952,108138.1328
649,IL,FALSE,"Knox County, IL",Knox County,2p1c,8400,6462.90084,13721.3568,15487.2072,5385.41532,6843.79764,8430.45708,64731.1344,65005.27734
654,IL,FALSE,"Livingston County, IL",Livingston County,2p4c,11436,12274.3416,15151.0968,23990.6424,8591.19216,13565.0664,8973.06228,93981.4044,72939.5625
655,IL,FALSE,"Logan County, IL",Logan County,2p4c,11256,11512.7952,14412.1596,24229.8912,8250.033,13409.4024,8388.85908,91459.1424,76454.39063
658,IL,TRUE,"Bloomington, IL  HUD Metro FMR Area",McLean County,1p1c,10236,4587.1242,10673.5752,9104.4756,5371.00272,9969.83712,7723.88304,57665.9004,95238.11719
662,IL,FALSE,"Marion County, IL",Marion County,2p4c,11268,13080.6852,14674.0344,28440.6708,8822.4888,13318.6656,10521.04692,100125.5856,62271.86719
670,IL,FALSE,"Morgan County, IL",Morgan County,2p0c,6564,4983.51852,12518.418,12253.38,4184.12148,0,6977.49972,47480.9388,64631.51172
678,IL,FALSE,"Pulaski County, IL",Pulaski County,1p4c,12024,10170.13692,13964.1624,21257.9808,8041.81128,13833.5856,10286.094,89577.774,48829.6875
679,IL,FALSE,"Putnam County, IL",Putnam County,2p2c,8688,8604.87372,15919.512,18529.0344,6265.88964,11933.78904,9294.07032,79235.1684,79535.89063
685,IL,TRUE,"Springfield, IL MSA",Sangamon County,1p0c,6925.80324,3112.53768,9223.90212,6013.34988,3637.28688,0,5662.9764,34575.8556,85524.34375
697,IL,FALSE,"Wayne County, IL",Wayne County,1p4c,10452,10353.05196,14227.446,21257.9808,7538.49096,13162.8108,9314.54664,86306.3256,63086.13672
707,IN,TRUE,"Lafayette-West Lafayette, IN HUD Metro FMR Area",Benton County,1p3c,11603.40972,8667.1164,13758.0456,12716.868,7344.81084,20686.0032,9265.00776,84041.262,58663.59766
709,IN,TRUE,"Indianapolis-Carmel, IN HUD Metro FMR Area",Boone County,2p2c,12315.0996,8904.69648,14686.8876,16304.9328,7688.76924,21223.6536,10766.60964,91890.6504,105166.5
710,IN,TRUE,"Indianapolis-Carmel, IN HUD Metro FMR Area",Brown County,1p0c,7342.11768,2936.16048,11923.374,5041.34988,3724.22568,0,5590.99224,36558.2196,78517.28125
713,IN,TRUE,"Louisville, KY-IN HUD Metro FMR Area",Clark County,1p0c,7669.83468,2884.28484,9751.13376,4453.34988,3824.1738,0,5036.23428,33619.0104,71864.47656
714,IN,TRUE,"Terre Haute, IN HUD Metro FMR Area",Clay County,1p3c,11139.27468,7501.53804,13277.67,14181.3468,6754.30152,20322.5688,8634.46872,81811.1724,68246.96875
717,IN,FALSE,"Daviess County, IN",Daviess County,2p2c,9096,8424.9822,14646.2376,13463.6268,6348.54276,12757.4136,6761.17164,71497.9752,67837.26563
719,IN,FALSE,"Decatur County, IN",Decatur County,2p4c,12756,11557.59084,14900.0052,19779.8628,8809.77252,15581.9988,7001.2734,90386.502,68130.9375
725,IN,TRUE,"Louisville, KY-IN HUD Metro FMR Area",Floyd County,2p1c,10219.752,6889.02612,13488.1152,11312.52024,6199.185,10351.92768,7952.1834,66412.7112,84220.27344
728,IN,FALSE,"Fulton County, IN",Fulton County,1p1c,8784,4373.05812,11753.92608,7306.61136,4767.32112,6155.69892,5108.21484,48248.8296,66452.07813
729,IN,FALSE,"Gibson County, IN",Gibson County,2p3c,11868,9993.41532,15354.0864,17340.2436,7921.25316,14679.252,7664.04708,84820.2948,73248.63281
746,IN,FALSE,"Kosciusko County, IN",Kosciusko County,1p2c,9528,6317.64912,12908.6796,9937.782,5741.50344,13104.9048,5898.48048,63436.998,72224.89063
750,IN,FALSE,"Lawrence County, IN",Lawrence County,2p0c,7008,4888.4136,12900.9552,10309.37988,4310.53968,0,6026.9766,45444.264,67335.14844
752,IN,TRUE,"Indianapolis-Carmel, IN HUD Metro FMR Area",Marion County,2p0c,8940.22488,5382.96096,11555.00388,10634.69976,5189.8554,0,6552.64452,48255.39,64359.40234
758,IN,TRUE,"Indianapolis-Carmel, IN HUD Metro FMR Area",Morgan County,1p3c,13450.4148,8876.32248,13643.0268,13822.6992,8089.85748,21962.1492,11235.17208,91079.6424,75874.22656
767,IN,TRUE,"Gary, IN HUD Metro FMR Area",Porter County,1p4c,14408.3676,11413.96584,13468.8636,14865.3276,9356.44992,22868.3748,11454.67164,97836.024,88405.61719
786,IN,TRUE,"Terre Haute, IN HUD Metro FMR Area",Vermillion County,2p0c,6983.02656,5154.70896,12957.4512,10922.69976,4397.9802,0,6256.57836,46672.4448,62009
791,IN,TRUE,"Washington County, IN HUD Metro FMR Area",Washington County,2p4c,12468,11288.81028,15027.6564,18529.9824,8608.029,20475.9084,7880.34372,94278.726,62726.75
804,IA,TRUE,"Bremer County, IA HUD Metro FMR Area",Bremer County,1p4c,11376,11304.21612,15098.2824,15833.2704,8217.93672,14459.9688,10259.2266,86548.8984,88338.875
826,IA,TRUE,"Dubuque, IA MSA",Dubuque County,1p1c,9672,4541.25288,10688.30712,7074.71928,5150.02224,9146.3958,6689.75388,52962.4512,81791.82813
830,IA,FALSE,"Franklin County, IA",Franklin County,2p4c,11592,13528.6536,15877.5372,20354.0616,9102.20292,11333.35476,8239.06272,90026.8716,65979.73438
831,IA,FALSE,"Fremont County, IA",Fremont County,2p2c,8580,8904.69648,15769.5384,14720.9976,6335.39496,10269.7236,7682.42208,72262.77,71989.75
832,IA,FALSE,"Greene County, IA",Greene County,1p2c,8580,6900.12744,13601.178,9578.90844,5609.06064,10365.156,6370.46856,61004.9004,71614.95313
836,IA,FALSE,"Hancock County, IA",Hancock County,2p2c,8580,9084.58812,15313.2552,15331.7196,6400.57692,10635.27252,7899.45336,73244.8656,74124.51563
839,IA,FALSE,"Henry County, IA",Henry County,1p1c,9096,4097.83116,11681.85576,7001.25,4780.64544,7013.904,5847.6486,49519.1364,69092.04688
840,IA,FALSE,"Howard County, IA",Howard County,1p3c,11640,8965.9812,14363.4756,12688.2012,7466.35908,11408.90844,8426.90628,74959.8336,70660.00781
846,IA,FALSE,"Jefferson County, IA",Jefferson County,2p3c,12300,9883.59744,14587.1292,16293.06,8037.99168,12087.4632,7962.906,81152.1444,61532.55078
847,IA,TRUE,"Iowa City, IA HUD Metro FMR Area",Johnson County,1p0c,8820,3216.28896,9790.25616,4597.34988,4361.22216,0,5943.16404,36728.2824,97596.73438
851,IA,FALSE,"Lee County, IA",Lee County,2p1c,8616,6036.77604,14055.6192,11711.94,5309.27856,6999.34932,7106.30052,59835.264,65340.02344
853,IA,FALSE,"Louisa County, IA",Louisa County,2p4c,11040,13125.4824,15545.7984,18583.6188,8756.1072,11270.08524,7222.56228,85543.6524,73571.0625
857,IA,FALSE,"Mahaska County, IA",Mahaska County,2p1c,8604,6770.658,14493.3936,11711.94,5570.84472,6780.05352,7436.78544,61367.6772,70430
862,IA,FALSE,"Monona County, IA",Monona County,2p0c,6516,5573.172,13611.8292,9901.37988,4380.38376,0,6304.81644,46287.5796,68198.70313
876,IA,FALSE,"Sac County, IA",Sac County,2p2c,8580,8784.76752,15587.1504,14720.9976,6291.94044,10496.53416,7648.64868,72110.0388,72781.42969
881,IA,FALSE,"Tama County, IA",Tama County,2p0c,6600,5440.02432,13655.9988,9709.37988,4362.57528,0,6249.10908,46017.0876,72986.79688
892,IA,TRUE,"Sioux City, IA-NE-SD HUD Metro FMR Area",Woodbury County,1p4c,12291.12,10865.21856,13005.3108,15223.8252,8390.45436,15004.9632,9534.20292,84315.0936,72391.23438
904,KS,FALSE,"Chautauqua County, KS",Chautauqua County,1p3c,11172,9085.52712,14571.5292,13883.694,7340.1006,9870.18756,6723.52368,72646.5588,55432.17578
905,KS,FALSE,"Cherokee County, KS",Cherokee County,1p2c,8688,6810.51564,12570.0372,10799.0772,5615.72352,8878.81272,5012.43348,58374.5976,56437.44141
920,KS,FALSE,"Ellis County, KS",Ellis County,1p0c,6708,3154.03824,10483.91376,5646.69,3573.40536,0,5502.36732,35068.4148,80334.76563
927,KS,FALSE,"Graham County, KS",Graham County,2p0c,7548,5858.48772,13732.2144,11293.37988,4857.69912,0,6841.20336,50130.984,58240.54688
933,KS,FALSE,"Harper County, KS",Harper County,2p4c,10716,13170.2796,15487.8516,22268.052,8654.94144,9957.76836,6436.90644,86691.7968,56695.17188
942,KS,TRUE,"Kingman County, KS HUD Metro FMR Area",Kingman County,1p0c,5688,3081.41232,11785.8582,5521.34988,3177.50388,0,5421.25776,34675.3824,77058.16406
948,KS,TRUE,"Kansas City, MO-KS HUD Metro FMR Area",Linn County,1p2c,8497.12056,6989.73852,13858.0428,11896.72848,5611.49964,13885.8996,7284.86724,68023.8984,64045.19531
962,KS,FALSE,"Ness County, KS",Ness County,2p1c,8616,6723.31056,15450.996,14049.0108,5558.03724,6106.8354,7484.0544,63988.242,65184.97266
965,KS,FALSE,"Osborne County, KS",Osborne County,1p1c,8616,4755.31824,12691.014,9354.32964,4844.95572,6191.80596,6143.30856,52596.732,72144.79688
967,KS,FALSE,"Pawnee County, KS",Pawnee County,1p1c,8616,4587.1242,12018.0912,8869.34328,4784.01264,6176.43528,5758.14072,50809.1484,64256.71875
978,KS,FALSE,"Russell County, KS",Russell County,1p1c,8616,4663.5762,12243.6756,8402.32032,4811.71404,6129.36288,5706.19524,50572.8456,59244.78125
999,KS,TRUE,"Kansas City, MO-KS HUD Metro FMR Area",Wyandotte County,1p0c,8062.87356,3112.53768,9203.50128,5473.34988,4049.29248,0,5589.57024,35491.1256,56866.65234
1004,KY,FALSE,"Barren County, KY",Barren County,1p2c,8268,5981.60448,12432.4308,9678.23148,5163.19368,10709.7078,5569.73436,57802.9044,49419.08203
1007,KY,TRUE,"Cincinnati, OH-KY-IN  HUD Metro FMR Area",Boone County,1p3c,17311.5408,8876.32248,13426.7652,14354.2716,9488.89596,20694.6636,14832.4692,98984.9292,95481.47656
1011,KY,TRUE,"Cincinnati, OH-KY-IN  HUD Metro FMR Area",Bracken County,2p4c,10832.88132,13304.67,16752.9048,19000.3344,8745.98652,16276.9056,9191.53932,94105.2252,69252.22656
1018,KY,TRUE,"Cincinnati, OH-KY-IN  HUD Metro FMR Area",Campbell County,2p3c,14923.7436,11274.62112,14859.6108,20031.7524,9492.7002,19066.44,12912.8604,102561.726,85672.20313
1035,KY,FALSE,"Floyd County, KY",Floyd County,2p1c,7956,7196.78388,13281.306,11516.08956,5490.45084,5792.84064,7099.30884,58332.7788,43162.63281
1044,KY,TRUE,"Huntington-Ashland, WV-KY-OH HUD Metro FMR Area",Greenup County,1p3c,12457.2024,9234.96024,12886.692,11903.5122,7859.92608,17403.3516,9787.17996,81532.8228,63218.59766
1052,KY,FALSE,"Hickman County, KY",Hickman County,1p4c,10572,9914.0544,14646.4644,18823.494,7422.90528,11988.71556,8059.75776,81427.3944,63086.13672
1074,KY,TRUE,"Owensboro, KY MSA",McLean County,1p0c,4990.2978,2728.65816,11887.10232,4561.47984,2796.88224,0,5174.38656,32138.8068,66199.47656
1082,KY,FALSE,"Menifee County, KY",Menifee County,1p0c,5700,2832.40944,11725.01736,4786.79004,3091.62852,0,5468.56056,33604.4064,51848.55469
1083,KY,FALSE,"Mercer County, KY",Mercer County,1p3c,11508,8069.38332,14085.5124,11753.19288,7093.65816,12474.4776,7350.52368,72334.746,69332.32031
1089,KY,FALSE,"Nelson County, KY",Nelson County,1p1c,8700,4388.34816,12118.0932,6951.18672,4742.42472,6090.42588,5903.26572,48893.7456,74260.0625
1090,KY,FALSE,"Nicholas County, KY",Nicholas County,1p4c,9936,10060.38792,14215.9068,14091.3264,7245.48048,12323.7756,6012.26556,73885.1424,50161.48047
1093,KY,FALSE,"Owen County, KY",Owen County,1p3c,9996,8547.56904,14388.3192,11753.19288,6719.06616,12118.0692,6842.26536,70364.484,65390.33594
1098,KY,FALSE,"Powell County, KY",Powell County,2p4c,10692,12453.5292,14796.114,18830.1156,8386.53804,12166.386,7059,84383.6832,54669.24609
1113,KY,TRUE,"Bowling Green, KY HUD Metro FMR Area",Warren County,1p4c,12892.6656,10096.96944,13070.364,17031.438,8330.05152,18368.916,10786.97676,90577.3824,65770.26563
1123,LA,FALSE,"Assumption Parish, LA",Assumption Parish,1p4c,13176,10828.63476,14525.1516,17497.0548,8697.8262,8810.62284,7660.49196,81195.7848,61636.26172
1124,LA,FALSE,"Avoyelles Parish, LA",Avoyelles Parish,2p2c,8700,9174.53544,13963.986,18752.2344,6476.64912,7516.65456,6811.90212,71395.9632,50716.99219
1129,LA,TRUE,"Lake Charles, LA MSA",Calcasieu Parish,2p2c,10412.0772,9684.23076,14404.8384,16492.8396,7281.68484,9576.7038,7642.15644,75494.5308,67001.42969
1130,LA,FALSE,"Caldwell Parish, LA",Caldwell Parish,2p3c,11376,11128.1982,14348.5068,22021.1088,8154.15816,8486.11884,7509.41376,83023.506,49863.69922
1132,LA,FALSE,"Catahoula Parish, LA",Catahoula Parish,2p3c,12180,11054.98608,14439.756,21853.56,8418.95136,8550.46284,7762.22676,84259.9452,61256.33594
1141,LA,TRUE,"Alexandria, LA MSA",Grant Parish,2p3c,11479.2114,11384.43972,15300.294,19570.992,8284.40184,9934.05396,7622.41404,83575.8048,53466.83203
1151,LA,TRUE,"Baton Rouge, LA HUD Metro FMR Area",Livingston Parish,1p2c,12265.7316,7012.14336,13357.362,11605.55712,6985.13448,10558.50516,7879.96512,69664.4004,78699.03125
1152,LA,FALSE,"Madison Parish, LA",Madison Parish,1p3c,11928,8906.20824,11578.188,15698.3184,7549.0554,8443.49628,6500.17164,70603.4412,37241.95313
1153,LA,FALSE,"Morehouse Parish, LA",Morehouse Parish,1p1c,8700,4373.05812,11398.91604,9447.96612,4736.88468,4354.4916,5119.99224,48131.3088,43686.3125
1162,LA,FALSE,"Sabine Parish, LA",Sabine Parish,2p4c,12312,13752.6372,15059.202,24045.7416,9444.24684,8830.3338,7454.53128,90898.6932,53603.39844
1167,LA,TRUE,"New Orleans-Metairie, LA HUD Metro FMR Area",St. John the Baptist Parish,1p2c,11880.92868,7751.44188,12737.4912,11677.33224,7113.58224,10324.90728,7775.9334,69261.6156,65974.60156
1168,LA,FALSE,"St. Landry Parish, LA",St. Landry Parish,2p3c,11628,11201.41044,13648.5852,21434.6868,8271.99612,8483.66016,7291.49196,81959.8296,46306.77344
1173,LA,FALSE,"Tensas Parish, LA",Tensas Parish,2p0c,7632,5782.40328,13727.5512,12645.5796,4860.56724,0,7015.94892,51664.0488,34934.67578
1177,LA,FALSE,"Vernon Parish, LA",Vernon Parish,2p4c,15348,14334.9972,13688.2176,22418.8476,10755.32004,9964.2678,8407.22676,94916.8764,60951.36719
1189,ME,FALSE,"Hancock County, ME",Hancock County,1p1c,11040,6100.87536,11957.82204,9540.33108,6210.81516,6633.14136,7140.71856,58623.7032,74590.69531
1191,ME,FALSE,"Knox County, ME",Knox County,1p1c,10548,6177.32736,11950.07592,7384.83768,6060.24612,6612.54348,6363.1758,55096.2072,73327.70313
1193,ME,FALSE,"Oxford County, ME",Oxford County,1p1c,10056,5366.93556,12153.678,7384.83768,5588.33784,6477.91332,5878.83216,52906.5348,62239.00781
1201,ME,TRUE,"Portland, ME HUD Metro FMR Area | York-Kittery-South Berwick, ME HUD Metro FMR Area | York County, ME (part) HUD Metro FMR Area |",York County,1p2c,15062.166,8804.38404,12936.864,9256.03272,8647.7922,14327.7132,9938.64036,78973.5936,85629.07813
1210,MD,TRUE,"Philadelphia-Camden-Wilmington, PA-NJ-DE-MD MSA",Cecil County,2p3c,18570.5904,11238.01536,16401.8304,12617.6952,10800.83352,17465.8416,10663.58568,97758.3924,94147.625
1212,MD,FALSE,"Dorchester County, MD",Dorchester County,2p2c,10824,9114.5706,14934.132,10884.68412,7224.531,11938.1514,6694.8984,71614.9692,70795.54688
1215,MD,TRUE,"Baltimore-Columbia-Towson, MD MSA",Harford County,1p4c,20620.584,12291.9624,14704.23,10901.12772,11925.51348,18204.7716,13162.2888,101810.484,109701.9844
1220,MD,TRUE,"Baltimore-Columbia-Towson, MD MSA",Queen Anne's County,2p0c,15332.7204,7684.50948,14465.7336,7106.95968,8340.05052,0,9622.99584,62552.9712,114408.9609
1235,MA,FALSE,"Dukes County, MA",Dukes County,2p2c,23712,11453.17752,16333.428,17030.2248,12741.7308,18500.3844,17753.4372,117524.3784,99233.49219
1244,MA,TRUE,"Boston-Cambridge-Quincy, MA-NH HUD Metro FMR Area | Brockton, MA HUD Metro FMR Area |  |",Norfolk County,1p1c,29732.1216,6009.13224,10411.69404,6243.90384,12950.4648,17866.2768,18592.836,101806.4292,132538.5938
1248,MA,TRUE,"Boston-Cambridge-Quincy, MA-NH HUD Metro FMR Area",Suffolk County,2p0c,24211.9992,8217.0996,8213.91792,8313.0798,11750.34084,0,11589.30468,72295.74,82291.89063
1262,MI,FALSE,"Benzie County, MI",Benzie County,1p3c,12936,8965.9812,14403.006,10237.44072,7935.95136,16792.6128,8391.89064,79662.8844,73104.88281
1268,MI,FALSE,"Cheboygan County, MI",Cheboygan County,1p0c,6048,3102.1626,11282.97432,4350.69,3315.46476,0,5006.8476,33106.14,58916.19922
1269,MI,FALSE,"Chippewa County, MI",Chippewa County,1p1c,9228,4571.83416,11089.7988,6965.32476,5000.22432,6615.38088,5202.60936,48673.1724,58791.95313
1291,MI,TRUE,"Kalamazoo-Portage, MI MSA",Kalamazoo County,1p0c,7567.845,3081.41232,9801.63504,4609.34988,3858.64596,0,5030.96892,33949.8576,79515.35156
1293,MI,TRUE,"Grand Rapids-Wyoming, MI HUD Metro FMR Area",Kent County,1p2c,11928,6855.32148,11816.58036,8355.84516,6805.93872,18247.7208,8364.54708,72373.9572,79253.51563
1295,MI,FALSE,"Lake County, MI",Lake County,2p0c,6684,5211.7716,13303.5192,8221.37988,4310.30748,0,5764.68348,43495.6608,50964.45703
1296,MI,TRUE,"Detroit-Warren-Livonia, MI HUD Metro FMR Area",Lapeer County,2p0c,8253.7134,5459.04492,13893.5988,7370.69976,4968.67308,0,6144.5706,46090.3008,75180.09375
1299,MI,TRUE,"Livingston County, MI HUD Metro FMR Area",Livingston County,2p4c,17436,14155.8108,16475.1108,17190.1884,11446.95852,22331.5008,12367.3596,111402.9252,102787.3438
1304,MI,FALSE,"Marquette County, MI",Marquette County,2p3c,12264,12262.9812,14580.8604,20439.9048,8887.092,16880.3868,10149.46068,95464.6872,70559.375
1305,MI,FALSE,"Mason County, MI",Mason County,2p4c,12060,12050.358,15010.9788,16191.132,8736.13404,16166.2128,6362.48436,86577.2988,66038.26563
1306,MI,FALSE,"Mecosta County, MI",Mecosta County,1p0c,7356,2790.90888,10946.04276,4110.69,3676.62528,0,5048.03316,33928.3008,60605.32813
1315,MI,TRUE,"Detroit-Warren-Livonia, MI HUD Metro FMR Area",Oakland County,1p0c,9603.65484,3320.04012,9163.50144,3781.34988,4682.76456,0,5205.9474,35757.258,105708.6641
1321,MI,FALSE,"Otsego County, MI",Otsego County,2p2c,10380,8185.12428,15056.5536,12924.7524,6726.87672,14601.3768,7837.60176,75712.2828,64766.02734
1329,MI,FALSE,"Schoolcraft County, MI",Schoolcraft County,1p2c,8808,6452.0676,13005.6972,11660.373,5529.32448,13483.4412,6671.87112,65610.774,60402.01563
1334,MI,TRUE,"Detroit-Warren-Livonia, MI HUD Metro FMR Area",Wayne County,1p2c,11710.17924,6720.90384,10956.90672,7973.0478,6678.3084,17739.2244,7614.03876,69392.6076,62254.41016
1337,MN,TRUE,"Minneapolis-St. Paul-Bloomington, MN-WI HUD Metro FMR Area",Anoka County,1p0c,10902.81372,3205.9134,10067.73564,3685.34988,5112.14832,0,5877.1524,38851.1136,97988.98438
1343,MN,FALSE,"Brown County, MN",Brown County,2p4c,11112,12363.936,15372.9864,21504.708,8506.2576,12497.5908,6655.7424,88013.2212,80638.70313
1346,MN,FALSE,"Cass County, MN",Cass County,1p4c,11052,12109.0464,14751.9576,14283.522,8392.16016,12423.246,6250.90644,79262.8356,63809.02344
1347,MN,FALSE,"Chippewa County, MN",Chippewa County,1p1c,8808,4495.38168,11474.15112,7411.81344,4820.33976,6851.16432,4501.6014,48362.4516,73901.69531
1351,MN,FALSE,"Cook County, MN",Cook County,1p0c,5808,3247.41468,12031.0044,4710.69,3281.13396,0,5214.49992,34292.742,69524.33594
1353,MN,FALSE,"Crow Wing County, MN",Crow Wing County,1p4c,12396,11231.05008,13764.12,14283.522,8561.01192,12941.016,6227.18772,79403.9064,72080.10938
1354,MN,TRUE,"Minneapolis-St. Paul-Bloomington, MN-WI HUD Metro FMR Area",Dakota County,1p2c,16676.1696,7505.00904,12026.4624,8801.68584,8761.79448,24892.8048,14533.4064,93197.3316,107341.3125
1400,MN,FALSE,"Renville County, MN",Renville County,1p1c,8808,4541.25288,12604.398,7411.81344,4836.96096,6766.23492,4864.99992,49833.6624,72783.48438
1404,MN,TRUE,"Duluth, MN-WI MSA",St. Louis County,2p1c,10610.90844,7528.21368,13374.6384,12387.984,6572.51952,11417.70624,8917.98408,70809.9552,78970.10938
1417,MN,TRUE,"Minneapolis-St. Paul-Bloomington, MN-WI HUD Metro FMR Area",Washington County,1p2c,18565.3764,7325.78388,12445.7568,8801.68584,9381.3882,26458.5468,16354.812,99333.3516,117614.7109
1426,MS,FALSE,"Attala County, MS",Attala County,1p4c,10956,11596.88304,13133.976,17604.6036,8171.79936,4563.78192,4819.24992,70846.2948,47172.38672
1445,MS,TRUE,"Gulfport-Biloxi, MS HUD Metro FMR Area",Hancock County,1p2c,9281.64996,7325.78388,12016.14,11414.15844,6017.52828,8147.03244,5476.71096,59679.006,59719.17578
1463,MS,FALSE,"Lee County, MS",Lee County,2p4c,11976,12722.31,14599.7472,23471.5428,8949.17136,4807.63476,5873.172,82399.5756,64792.72266
1469,MS,TRUE,"Marshall County, MS HUD Metro FMR Area",Marshall County,1p0c,6312,2780.53368,11160.8298,5593.47984,3294.58332,0,5255.81832,34397.244,51422.42188
1475,MS,FALSE,"Oktibbeha County, MS",Oktibbeha County,2p1c,9672,7835.97144,13005.3936,14752.0344,6343.82808,3092.9952,7003.01952,61705.242,67771.54688
1476,MS,FALSE,"Panola County, MS",Panola County,1p0c,6492,3278.53968,11096.3262,5914.79004,3540.252,0,5554.58388,35876.49,46794.51563
1478,MS,TRUE,"Hattiesburg, MS MSA",Perry County,2p4c,9764.11524,13842.2328,15744.0312,23546.0628,8553.5112,8048.77656,6441.06228,85939.7928,52224.37109
1479,MS,FALSE,"Pike County, MS",Pike County,2p4c,10968,13215.0756,13638.8436,23519.394,8762.4822,4480.29744,5398.42968,79982.5248,44587.86719
1484,MS,FALSE,"Scott County, MS",Scott County,2p3c,10212,10030.02024,14165.0856,20596.9404,7334.4822,4408.17516,5540.20308,72286.9104,51778.73047
1485,MS,FALSE,"Sharkey County, MS",Sharkey County,2p1c,8208,7362.498,13261.2096,14752.0344,5641.8054,2796.63588,6330.48852,58352.6724,44871.26953
1492,MS,FALSE,"Tippah County, MS",Tippah County,2p1c,8208,7267.80396,13728.354,14722.0704,5607.4944,2796.4422,6412.87872,58743.0468,49723.02344
1498,MS,FALSE,"Washington County, MS",Washington County,2p0c,6768,5934.57168,12303.882,11829.58008,4602.64272,0,6217.42968,47656.1076,40774.23438
1501,MS,FALSE,"Wilkinson County, MS",Wilkinson County,1p2c,8208,6989.73852,12744.444,11759.69676,5506.74024,4018.55676,4538.77332,53765.9472,37222.44531
1507,MO,FALSE,"Atchison County, MO",Atchison County,2p3c,9876,11494.2576,15426.198,23078.8068,7743.28716,9990.34572,8367.06228,85975.9572,66203.58594
1509,MO,FALSE,"Barry County, MO",Barry County,1p3c,10728,8876.32248,13076.8392,11761.69332,7103.4192,10110.07032,5580.56256,67236.9084,55388.02344
1515,MO,TRUE,"St. Joseph, MO-KS MSA",Buchanan County,2p4c,13350.9768,12543.1236,14292.3648,26855.8416,9382.4538,15314.5272,10642.41432,102381.7032,65332.83203
1525,MO,FALSE,"Chariton County, MO",Chariton County,1p0c,5484,2863.53456,11485.16748,7110.69,3024.64092,0,5383.57212,35351.604,62192.80078
1535,MO,TRUE,"Dallas County, MO HUD Metro FMR Area",Dallas County,1p2c,7944,6541.6794,12669.7044,9695.63892,5248.73256,12089.2848,5479.68348,59668.7232,57354.39453
1548,MO,FALSE,"Hickory County, MO",Hickory County,1p4c,10020,10170.13692,14097.3384,14088.0276,7315.68312,10186.57548,4661.25,70539.012,49351.3125
1553,MO,TRUE,"Kansas City, MO-KS HUD Metro FMR Area",Jackson County,2p2c,11592.7734,8994.64164,13437.558,16017.5328,7459.6326,14580.4356,8950.94532,81033.522,73465.29688
1555,MO,TRUE,"St. Louis, MO-IL HUD Metro FMR Area",Jefferson County,2p2c,10627.83912,9324.44532,14893.4796,15334.9596,7229.49972,13907.436,8743.4766,80061.1344,76963.69531
1561,MO,FALSE,"Lewis County, MO",Lewis County,1p3c,9876,8457.90816,12968.772,19711.7208,6643.09788,10166.34012,7754.45292,75578.2908,58650.25
1566,MO,FALSE,"Macon County, MO",Macon County,2p3c,10848,9993.41532,15033.0204,23330.13,7551.6672,10141.59888,8170.22676,85068.0588,57967.41016
1567,MO,FALSE,"Madison County, MO",Madison County,2p2c,7944,8574.89136,14011.5144,20612.6772,5985.44568,8890.38936,7293.26592,73312.1832,58502.38672
1575,MO,FALSE,"Montgomery County, MO",Montgomery County,1p3c,10908,8338.36236,12971.7672,17559.8352,6973.71612,10155.89652,7423.8984,74331.4752,58627.66016
1576,MO,FALSE,"Morgan County, MO",Morgan County,2p3c,10728,10762.13892,15048.5064,20858.7792,7786.72488,10110.07032,7724.96124,83019.1812,50839.18359
1579,MO,FALSE,"Nodaway County, MO",Nodaway County,2p3c,10752,11494.2576,14197.1856,23078.8068,8060.69604,10427.08596,8477.93772,86487.9672,64310.11328
1586,MO,FALSE,"Phelps County, MO",Phelps County,2p1c,8796,6462.90084,12703.2996,16475.9676,5528.90148,4885.72956,6954.51192,61807.3128,63649.86719
1588,MO,TRUE,"Kansas City, MO-KS HUD Metro FMR Area",Platte County,1p4c,17342.3832,12365.1312,13353.8976,16371.018,10764.20436,17757.1452,13776.312,101730.0936,100689.5391
1589,MO,TRUE,"Polk County, MO HUD Metro FMR Area",Polk County,1p3c,10752,7800.40356,12682.7976,12208.7832,6722.26752,13928.7552,6425.55468,70520.5608,53915.55469
1596,MO,FALSE,"Ripley County, MO",Ripley County,2p3c,9912,9810.38604,14899.0572,22953.1452,7146.19848,9995.40456,7563.97632,82280.1684,44557.0625
1610,MO,FALSE,"Sullivan County, MO",Sullivan County,1p1c,8232,4357.76772,11869.7058,10018.93944,4561.76952,4644.7482,5328.78924,49013.7192,55391.10547
1624,MT,FALSE,"Broadwater County, MT",Broadwater County,1p4c,12744,12035.8812,15208.4592,15474.15,8978.72748,17786.0316,11856.35964,94083.6096,75929.67969
1625,MT,TRUE,"Billings, MT HUD Metro FMR Area",Carbon County,2p2c,10228.5798,9594.28488,16447.1064,12274.9572,7182.60576,17681.7264,9739.5,83148.762,75985.125
1632,MT,FALSE,"Deer Lodge County, MT",Deer Lodge County,2p0c,7656,6334.01436,13144.932,10290.56028,5069.1336,0,6578.06256,49072.7016,52130.92969
1637,MT,FALSE,"Garfield County, MT",Garfield County,2p2c,8808,9594.28488,17242.1196,15059.8212,6667.87356,14639.1396,9332.64036,81343.8804,60112.44922
1638,MT,FALSE,"Glacier County, MT",Glacier County,2p4c,10956,14334.9972,14744.5272,20093.0796,9163.92552,16724.0448,8911.02324,94927.5996,49266.08594
1639,MT,TRUE,"Golden Valley County, MT HUD Metro FMR Area",Golden Valley County,2p4c,12876,14200.6068,16987.1232,19722.642,9810.92208,19411.3932,11514.1956,104522.8824,53414.46484
1650,MT,FALSE,"Meagher County, MT",Meagher County,1p4c,11760,11852.96484,15852.5508,15079.8,8555.90844,17135.4096,10959.49224,91196.1264,54336.55469
1655,MT,FALSE,"Petroleum County, MT",Petroleum County,1p3c,14964,9474.05352,16126.2612,12563.1696,8854.87056,18918.5112,13790.6484,94691.514,66315.50781
1665,MT,FALSE,"Sanders County, MT",Sanders County,1p1c,9048,4877.64144,13293.2772,7529.9106,5045.80884,6864.97488,6553.1052,53212.7172,51598.00781
1675,MT,FALSE,"Wibaux County, MT",Wibaux County,1p0c,7692,3724.67028,13734.8304,5013.2802,4136.7096,0,6856.08624,41157.5772,70594.28906
1676,MT,TRUE,"Billings, MT HUD Metro FMR Area",Yellowstone County,1p2c,11534.63088,7056.94848,12409.8756,8186.57808,6736.46268,18775.8972,9467.69532,74168.0856,79544.10938
1677,NE,FALSE,"Adams County, NE",Adams County,2p2c,8856,8934.67752,14520.0588,22552.62,6446.26392,15817.5744,9637.15644,86764.3536,72584.28125
1679,NE,FALSE,"Arthur County, NE",Arthur County,1p4c,11388,11304.21612,15168.378,23337.2676,8222.28516,18160.6872,13122.7572,100703.5896,69470.94531
1689,NE,TRUE,"Omaha-Council Bluffs, NE-IA HUD Metro FMR Area",Cass County,2p3c,14024.6292,12665.6472,15821.922,19140.0504,9670.93944,23057.202,13236.9372,107617.3248,90595.83594
1706,NE,FALSE,"Fillmore County, NE",Fillmore County,2p1c,8808,7149.43584,14905.626,13509.6852,5782.0086,6522.59688,6971.99196,63649.3476,83400.86719
1718,NE,FALSE,"Harlan County, NE",Harlan County,2p0c,6684,6295.97172,13788.6132,15133.38,4703.15556,0,7248.85908,53853.978,71927.10938
1729,NE,FALSE,"Kimball County, NE",Kimball County,1p1c,8808,4984.67472,11900.62788,11743.33452,4997.6298,6646.314,6324.67164,55405.254,67385.46094
1752,NE,FALSE,"Saline County, NE",Saline County,2p2c,9852,9054.60648,14608.6644,16157.9916,6850.60908,16034.1084,8341.42968,80899.4064,65438.59766
1757,NE,FALSE,"Sheridan County, NE",Sheridan County,1p3c,12216,9533.8272,13919.4672,19472.6232,7880.81988,18880.3956,13018.4688,94921.6056,61271.73828
1759,NE,FALSE,"Sioux County, NE",Sioux County,2p0c,6684,5801.42436,14886.5184,15757.38,4523.9616,0,7514.1834,55167.4692,58746.77344
1760,NE,FALSE,"Stanton County, NE",Stanton County,1p3c,13836,8965.9812,14621.9244,18695.5536,8262.05712,20030.1792,14139.5784,98551.2768,81331.8125
1761,NE,FALSE,"Thayer County, NE",Thayer County,1p1c,8808,4418.92968,12434.1228,8078.99556,4792.63848,6641.44992,5239.60548,50413.74,69632.15625
1768,NE,FALSE,"Wheeler County, NE",Wheeler County,1p0c,5856,3537.91776,13200.258,7566.69,3403.7868,0,6274.3044,39838.9572,69485.32031
1802,NJ,TRUE,"Atlantic City-Hammonton, NJ MSA",Atlantic County,1p1c,16812,5275.19244,10891.78788,7183.09932,8003.061,10672.20996,8123.06256,66960.4104,80943.67188
1803,NJ,TRUE,"Bergen-Passaic, NJ HUD Metro FMR Area",Bergen County,2p0c,19256.3904,7532.34084,10185.873,9345.0798,9706.61352,0,9065.30856,65091.6096,126280.0938
1805,NJ,TRUE,"Philadelphia-Camden-Wilmington, PA-NJ-DE-MD MSA",Camden County,2p1c,14309.0328,8191.07592,12808.6452,11855.63892,8152.67652,9700.26264,8668.29276,73685.6256,90951.11719
1807,NJ,TRUE,"Vineland-Bridgeton, NJ MSA",Cumberland County,1p2c,16236,6788.11152,12542.9412,9693.65916,8342.54376,18563.8476,9701.03904,81868.1424,67857.79688
1815,NJ,TRUE,"Newark, NJ HUD Metro FMR Area",Morris County,2p0c,19741.2024,7323.10992,12290.802,9345.0798,9806.46756,0,9623.4924,68130.1524,145432.4531
1823,NM,TRUE,"Albuquerque, NM MSA",Bernalillo County,1p2c,10968.79248,6944.9334,11476.22748,6966.40872,6490.84932,15127.2828,5844.0234,63818.52,69691.71094
1824,NM,FALSE,"Catron County, NM",Catron County,1p1c,8808,4541.25288,14240.2884,6128.83956,4836.96096,7536.15012,5551.33596,51642.8256,55726.875
1835,NM,FALSE,"Hidalgo County, NM",Hidalgo County,1p3c,10956,8965.9812,12912.1524,10231.95924,7218.51924,15117.6888,5855.05848,71257.3596,54270.83594
1839,NM,FALSE,"Luna County, NM",Luna County,2p2c,8808,8964.65988,13839.1812,12257.6796,6439.73508,13638.7032,6223.656,70171.6176,44444.11328
1841,NM,FALSE,"Mora County, NM",Mora County,2p0c,7968,6581.28876,14138.562,8154.56028,5271.78072,0,5987.64444,48101.8356,39122.07422
1850,NM,FALSE,"Sierra County, NM",Sierra County,1p4c,12192,10792.0518,13328.5164,12283.518,8328.02856,15040.482,5450.42976,77415.0288,43435.76953
1857,NY,FALSE,"Allegany County, NY",Allegany County,2p0c,7104,6353.03544,13358.9628,9844.36008,4876.01472,0,6591.79692,48128.1708,61645.5
1870,NY,TRUE,"Buffalo-Cheektowaga-Niagara Falls, NY MSA",Erie County,2p3c,14070.0144,11640.68184,14055.912,14528.9004,9315.99972,29869.9188,13098.5232,106579.9452,80262.88281
1872,NY,FALSE,"Franklin County, NY",Franklin County,2p2c,9300,8335.03488,15020.6304,15354.6396,6389.86812,16742.1924,8428.46856,79570.8336,65277.38672
1877,NY,TRUE,"Utica-Rome, NY MSA",Herkimer County,1p0c,6345.39996,2956.91076,10622.49096,5272.53996,3370.59408,0,5371.07628,33939.012,71906.57813
1880,NY,FALSE,"Lewis County, NY",Lewis County,1p1c,9936,4632.99504,12630.984,8895.0198,5278.9212,8446.87872,6750.86724,56571.6684,64184.84375
1883,NY,TRUE,"Rochester, NY HUD Metro FMR Area",Monroe County,2p4c,15386.8944,14111.0136,14706.6096,16072.8396,10688.25588,30760.8312,13703.43,115429.8756,82107.0625
1897,NY,TRUE,"Albany-Schenectady-Troy, NY MSA",Rensselaer County,1p3c,15962.2944,10400.53788,13441.9128,10393.95996,9552.29376,31196.8392,17484.1176,108431.9532,89855.49219
1899,NY,TRUE,"New York, NY HUD Metro FMR Area",Rockland County,2p2c,24937.6872,10493.74872,14459.5944,18217.5588,12838.2072,36128.2116,25782.2112,142857.228,113247.6172
1902,NY,TRUE,"Albany-Schenectady-Troy, NY MSA",Schenectady County,2p0c,10179.04104,6410.09844,12082.548,11337.0798,6010.89912,0,7773.87528,53793.5388,87621.11719
1904,NY,FALSE,"Schuyler County, NY",Schuyler County,2p1c,9348,7102.0884,14697.6972,15869.1996,5960.51592,8407.71096,8867.93772,70253.1504,72777.32031
1910,NY,TRUE,"Ithaca, NY MSA",Tompkins County,2p0c,12576,6657.37284,12639.0192,11241.0798,6969.00948,0,8860.125,58942.6056,88545.26563
1944,NC,TRUE,"Virginia Beach-Norfolk-Newport News, VA-NC HUD Metro FMR Area",Currituck County,2p1c,13275.8232,8498.83296,15308.2836,15655.458,7889.81688,9966.51636,11530.8516,82125.5796,82694.40625
1946,NC,TRUE,"Davidson County, NC HUD Metro FMR Area",Davidson County,1p3c,11496,8099.27052,13208.5944,11036.77884,7100.13936,14126.9196,6846.8826,71914.5816,62547.05469
1950,NC,TRUE,"Rocky Mount, NC MSA",Edgecombe County,2p0c,6673.03716,5421.00288,12605.1264,12266.9592,4382.14788,0,6485.83224,47834.106,46212.30469
1964,NC,TRUE,"Hoke County, NC HUD Metro FMR Area",Hoke County,2p3c,12552,10725.53316,14893.2792,21037.0488,8434.36812,14466.1332,9878.16432,91986.5268,58082.41406
1966,NC,TRUE,"Iredell County, NC HUD Metro FMR Area",Iredell County,2p2c,11076,9324.44532,14934.978,16313.2164,7391.88576,14330.2632,9625.96872,82996.758,75772.57813
1967,NC,FALSE,"Jackson County, NC",Jackson County,1p4c,12096,11231.05008,13527.3732,17891.4024,8452.31028,12239.8632,8501.06256,83939.0628,64060.59766
1974,NC,FALSE,"Macon County, NC",Macon County,1p0c,7452,3102.1626,11209.686,6010.79004,3824.18916,0,6044.35944,37643.1888,58704.67188
1975,NC,TRUE,"Asheville, NC HUD Metro FMR Area",Madison County,1p2c,11308.17336,7079.35176,13572.7716,11940.50616,6662.5254,14543.0256,9177.43728,74283.7908,64551.41797
1976,NC,FALSE,"Martin County, NC",Martin County,2p4c,11556,12319.1376,15062.1096,25194.1344,8650.90428,12169.7052,8521.20336,93473.1972,48493.91406
1977,NC,TRUE,"Charlotte-Concord-Gastonia, NC-SC HUD Metro FMR Area",Mecklenburg County,1p1c,14796.8772,5137.57872,10534.94892,6773.49972,7223.03976,10421.32908,8523.47244,63410.748,85798.5
1978,NC,FALSE,"Mitchell County, NC",Mitchell County,1p3c,10356,9384.3948,13224.9624,14921.25,7152.7236,11851.20408,7511.13276,74401.6704,61206.01953
1991,NC,TRUE,"Greenville, NC MSA",Pitt County,2p4c,14664,13125.4824,13880.37,24742.3068,10069.2246,15669.5256,11052.10908,103203.024,65777.45313
1992,NC,FALSE,"Polk County, NC",Polk County,2p3c,11460,12336.1932,15657.1992,20932.0404,8622.29952,12187.1076,9625.07004,90819.9084,61574.65234
1993,NC,TRUE,"Greensboro-High Point, NC HUD Metro FMR Area",Randolph County,1p0c,7172.98464,2925.78516,10838.97588,4345.47984,3659.18256,0,5367.24792,34309.6548,58720.07422
2012,NC,FALSE,"Watauga County, NC",Watauga County,1p1c,9912,5672.74368,11351.03544,9070.75488,5646.9672,6758.98164,6801.5076,55213.992,75930.70313
2017,NC,FALSE,"Yancey County, NC",Yancey County,1p4c,11016,11267.63376,13647.1644,17891.4024,8074.23924,11878.90428,7757.78904,81533.1324,58108.08594
2020,ND,FALSE,"Benson County, ND",Benson County,2p0c,7728,6048.69876,14549.4936,9277.37988,4991.84148,0,5659.58604,48255,56436.41406
2033,ND,FALSE,"Foster County, ND",Foster County,2p0c,7728,6143.80368,13970.0292,9277.37988,5026.30152,0,5566.84752,47712.36,94211.28906
2034,ND,FALSE,"Golden Valley County, ND",Golden Valley County,1p0c,7092,3724.67028,12869.7852,4638.69,3919.30596,0,5146.52928,37390.98,75292.02344
2052,ND,FALSE,"Pierce County, ND",Pierce County,2p2c,8808,9654.24972,14621.3028,13786.9512,6689.60088,11621.16216,5322.4764,70503.744,70614.82813
2053,ND,FALSE,"Ramsey County, ND",Ramsey County,1p0c,7548,3299.28996,11143.64796,4638.69,3930.40068,0,4791.27936,35351.3088,86567.59375
2054,ND,FALSE,"Ransom County, ND",Ransom County,1p1c,8808,5030.54592,12664.434,6893.4756,5014.251,6844.0056,4548.08604,49802.8008,81158.27344
2057,ND,FALSE,"Rolette County, ND",Rolette County,1p3c,12600,9205.07304,13691.5908,11403.0462,7900.83768,13638.5172,5384.05476,73823.1216,54714.42578
2066,ND,FALSE,"Traill County, ND",Traill County,2p0c,7176,6124.78272,14184.1416,7765.37988,4819.39824,0,5139.23844,45208.9428,89251.71875
2071,OH,FALSE,"Adams County, OH",Adams County,1p1c,8808,4097.83116,11618.54952,6336.63936,4676.29176,6785.346,4488.04284,46810.6992,50041.33984
2075,OH,FALSE,"Athens County, OH",Athens County,1p1c,10104,4373.05812,10643.70624,7091.06256,5245.60908,7193.37816,5079.30468,49730.1216,64532.9375
2082,OH,TRUE,"Springfield, OH MSA",Clark County,1p0c,6276,2925.78516,9912.91776,4453.34988,3334.16964,0,4295.09184,31197.3132,64998.08984
2085,OH,FALSE,"Columbiana County, OH",Columbiana County,1p4c,11772,10060.38792,13128.2664,12618.1872,7910.73564,13748.3448,4331.89056,73569.8148,64046.22266
2086,OH,FALSE,"Coshocton County, OH",Coshocton County,2p3c,11484,9297.9024,14878.896,17382.1308,7530.10248,13751.442,6382.75776,80707.23,57700.4375
2096,OH,TRUE,"Toledo, OH MSA",Fulton County,2p3c,12491.9064,10762.13892,15342.9768,16291.7112,8425.8582,16006.6248,7640.55468,86961.774,75081.52344
2098,OH,TRUE,"Cleveland-Elyria, OH MSA",Geauga County,2p2c,10415.51592,9804.15888,15386.4708,12317.2704,7326.3852,14798.6532,7523.14092,77571.5976,103149.8125
2107,OH,TRUE,"Hocking County, OH HUD Metro FMR Area",Hocking County,2p2c,8808,8454.96312,14640.9696,15406.8108,6255.05268,13896.6384,6883.18728,74345.6256,68064.1875
2133,OH,FALSE,"Paulding County, OH",Paulding County,1p1c,8808,4388.34816,12326.688,6659.9634,4781.5572,6812.2998,4858.15608,48635.0124,68396.88281
2136,OH,FALSE,"Pike County, OH",Pike County,2p2c,8808,8125.16088,14317.0224,14505.4488,6135.55188,12165.2136,5996.17968,70052.5776,59042.49609
2144,OH,FALSE,"Seneca County, OH",Seneca County,1p4c,11244,9621.38892,13437.9084,11829.49368,7560.35376,13620.3108,3715.23444,71028.6912,65643.96094
2145,OH,FALSE,"Shelby County, OH",Shelby County,1p0c,6588,2759.7834,10758.62916,4566.69,3387.07068,0,4562.78316,32622.9552,79387
2168,OK,FALSE,"Carter County, OK",Carter County,2p2c,9372,8814.74928,14959.8132,16488.9648,6589.77684,14036.8656,8424.63276,78686.8008,64578.11719
2174,OK,TRUE,"Lawton, OK HUD Metro FMR Area",Comanche County,1p2c,9072,6496.87356,11509.45536,10839.96096,5641.21692,14517.1212,6274.15644,64350.7848,66056.75
2179,OK,FALSE,"Delaware County, OK",Delaware County,1p2c,8736,6900.12744,12766.452,10970.17524,5665.58568,13760.0904,6514.3008,65312.73,52887.70313
2198,OK,TRUE,"Le Flore County, OK HUD Metro FMR Area",Le Flore County,1p1c,8736,4709.4474,12148.5708,8174.57076,4871.8158,6395.54952,5617.7304,50653.6812,51260.18359
2199,OK,TRUE,"Lincoln County, OK HUD Metro FMR Area",Lincoln County,2p0c,7140,5991.63576,13460.2056,10586.95968,4758.10944,0,6554.92968,48491.8416,65343.10156
2206,OK,FALSE,"Marshall County, OK",Marshall County,1p0c,5760,3091.78752,11321.66676,6466.79004,3207.3516,0,5523.84192,35371.4388,52915.42578
2209,OK,FALSE,"Muskogee County, OK",Muskogee County,2p0c,6816,5516.109,12726.6132,11037.58008,4468.40952,0,6209.08956,46773.8028,56736.24609
2215,OK,TRUE,"Tulsa, OK HUD Metro FMR Area",Osage County,2p3c,11875.44732,11750.499,15895.428,19696.6524,8560.61208,16401.75,10127.32836,94307.7192,61957.65625
2222,OK,FALSE,"Pushmataha County, OK",Pushmataha County,1p4c,11640,11048.1336,14609.19,16421.5608,8220.80496,16135.332,8747.59356,86822.6136,49416.00391
2232,OK,FALSE,"Washington County, OK",Washington County,1p2c,8736,6541.6794,12635.0508,10970.17524,5535.70536,14095.9356,6419.64036,64934.1852,69290.21875
2234,OK,FALSE,"Woods County, OK",Woods County,1p3c,11004,9085.52712,14091.3432,13695.8688,7279.22748,16011.012,8457.75804,79624.734,79055.33594
2272,PA,TRUE,"Gettysburg, PA MSA",Adams County,1p2c,11688,8132.2932,13425.2304,11026.4736,7181.67408,19380.8508,10344.156,81178.6752,83362.875
2278,PA,TRUE,"Altoona, PA MSA",Blair County,2p0c,7764,5839.46628,12214.9452,7017.0798,4929.07212,0,5732.08992,43496.6544,66065.98438
2279,PA,FALSE,"Bradford County, PA",Bradford County,2p1c,9384,6723.31056,13675.9572,11006.63232,5836.314,7098.22776,6952.57392,60677.016,66081.39063
2297,PA,TRUE,"Pittsburgh, PA HUD Metro FMR Area",Fayette County,1p1c,9099.30984,4449.51084,11842.21656,5515.25352,4909.27188,8803.125,5610.69144,50229.3804,64465.16406
2301,PA,FALSE,"Greene County, PA",Greene County,2p0c,7488,5306.877,12854.3676,8812.36008,4636.0884,0,6035.60928,45133.3008,72958.04688
2306,PA,TRUE,"Scranton--Wilkes-Barre, PA MSA",Lackawanna County,1p2c,10114.97748,7280.97876,11046.33396,8322.9624,6303.24096,17505.18,7006.33596,67580.01,71388.02344
2313,PA,FALSE,"McKean County, PA",McKean County,2p2c,8688,8305.05396,14943.7836,13260.8304,6157.25388,14024.2236,7135.8318,72514.98,64212.56641
2318,PA,TRUE,"Montour County, PA HUD Metro FMR Area",Montour County,2p0c,8280,5934.57168,12235.4376,10305.0798,5150.49972,0,6675.76536,48581.3556,79296.64063
2323,PA,TRUE,"Pike County, PA HUD Metro FMR Area",Pike County,1p2c,16248,7617.02412,13609.458,8729.685,8647.23924,23759.316,13201.8912,91812.6156,82317.5625
2329,PA,FALSE,"Susquehanna County, PA",Susquehanna County,2p2c,9372,10643.66016,15194.5728,13224.9048,7252.4634,14709.5904,8358.84372,78756.0348,68341.4375
2333,PA,FALSE,"Warren County, PA",Warren County,1p4c,11028,10206.72,13831.2744,13303.122,7694.1768,16312.95,6198.38304,78574.6284,64592.49219
2338,PA,TRUE,"York-Hanover, PA MSA",York County,2p4c,14700,14469.3876,15708.5088,22052.9472,10569.219,21362.8164,12182.4528,111045.3276,80899.51563
2361,SC,TRUE,"Darlington County, SC HUD Metro FMR Area",Darlington County,1p0c,6192,3029.53656,10579.99584,4993.47984,3341.3262,0,4950.20688,33086.5464,54182.53125
2362,SC,FALSE,"Dillon County, SC",Dillon County,1p0c,6684,2894.66016,10619.52756,5086.79004,3470.7264,0,5123.16396,33878.868,42182.01563
2363,SC,TRUE,"Charleston-North Charleston, SC MSA",Dorchester County,2p1c,13789.746,7575.56172,13921.4256,11340.86724,7741.49412,7095.62328,8574.27324,70038.99,80913.89063
2367,SC,FALSE,"Georgetown County, SC",Georgetown County,2p2c,9732,10014.03444,14126.6796,14117.9244,7154.76708,7440.9162,5563.00008,68149.3188,64465.16406
2373,SC,TRUE,"Kershaw County, SC HUD Metro FMR Area",Kershaw County,1p2c,8616,6788.11152,12719.4828,10552.86252,5581.51716,9133.93356,4456.047,57847.9572,63838.80078
2378,SC,FALSE,"McCormick County, SC",McCormick County,1p0c,6144,3019.1616,11444.87916,4402.79004,3320.17488,0,5004.60348,33335.61,62168.15625
2379,SC,FALSE,"Marion County, SC",Marion County,1p3c,10896,8099.27052,12404.004,12590.0376,6882.73536,7596.2988,3391.8984,61860.246,42462.33594
2390,SC,FALSE,"Williamsburg County, SC",Williamsburg County,2p0c,6180,5668.2774,12837.6504,9237.58008,4293.09816,0,5190.78516,43407.3924,48268.01172
2395,SD,FALSE,"Bon Homme County, SD",Bon Homme County,2p3c,11856,11970.13404,15939.5628,22534.272,8633.14824,12910.32,6645.3984,90488.8356,73161.35938
2397,SD,FALSE,"Brown County, SD",Brown County,2p3c,13020,11896.92264,14462.3076,18303.6516,9028.3836,13427.676,5856.12492,85995.0648,82747.80469
2426,SD,FALSE,"Jackson County, SD",Jackson County,2p4c,12348,14514.186,14771.6772,31933.7052,9733.22976,13206.546,7741.31256,104248.6524,40483.64453
2429,SD,FALSE,"Kingsbury County, SD",Kingsbury County,2p4c,12348,14514.186,16077.7692,25713.234,9733.22976,13132.818,6424.41432,97943.6484,73825.71094
2430,SD,FALSE,"Lake County, SD",Lake County,2p3c,12348,11384.43972,15583.3416,22534.272,8599.19892,13345.014,6634.96068,90429.228,83139.02344
2439,SD,FALSE,"Miner County, SD",Miner County,2p1c,8628,7717.60332,15188.2248,16176.3432,5922.65628,5342.85972,6184.00776,65159.6952,68770.64844
2445,SD,FALSE,"Potter County, SD",Potter County,2p2c,8724,9504.33912,15209.85,19355.3052,6604.84644,11287.72344,5960.93736,76647,68638.1875
2447,SD,FALSE,"Sanborn County, SD",Sanborn County,1p3c,10848,9444.16704,14470.2564,16035.582,7352.65212,13185.7476,5415.40608,76751.8128,72859.46875
2449,SD,FALSE,"Stanley County, SD",Stanley County,2p3c,12648,11787.10476,15177.6324,22534.272,8853.80196,13800.5784,6880.26564,91681.6524,89900.67188
2463,TN,TRUE,"Cleveland, TN MSA",Bradley County,1p1c,9888.00216,5030.54592,11136.7434,7743.47172,5405.57844,7568.42724,4514.5236,51287.2908,63931.21484
2468,TN,TRUE,"Nashville-Davidson--Murfreesboro--Franklin, TN HUD Metro FMR Area",Cheatham County,1p0c,10829.62128,3247.41468,11510.51808,5233.47984,5100.66504,0,5624.13276,41545.8312,73929.42188
2489,TN,TRUE,"Morristown, TN MSA",Hamblen County,2p1c,9293.51004,6912.69948,13008.5652,11880.19044,5872.14876,7323.8826,5211.53136,59502.5268,56017.46875
2493,TN,FALSE,"Hardin County, TN",Hardin County,1p2c,8028,6810.51564,12910.6656,9821.781,5376.57936,8853.80196,2823.82416,54625.1664,51701.71875
2494,TN,TRUE,"Kingsport-Bristol-Bristol, TN-VA MSA",Hawkins County,1p1c,8059.32792,4923.51312,11750.32548,7527.9228,4704.1956,6881.6982,3890.70708,47737.6908,53327.18359
2495,TN,FALSE,"Haywood County, TN",Haywood County,2p3c,10788,10981.77468,14157.4296,15738.0108,7888.04808,9963.08712,3556.64064,73072.992,52494.42969
2499,TN,FALSE,"Houston County, TN",Houston County,2p2c,8580,9354.42768,14423.322,16488.9648,6498.35004,8964.87816,4605.42588,68915.3676,56116.04297
2501,TN,FALSE,"Jackson County, TN",Jackson County,2p1c,7956,7362.498,14068.5024,12504.8496,5550.49584,5289.69732,4885.86324,57617.9064,50858.69531
2511,TN,FALSE,"McMinn County, TN",McMinn County,2p2c,8376,9654.24972,14136.3564,15590.8428,6533.0706,8982.45408,4383.03516,67656.012,56400.47266
2514,TN,TRUE,"Jackson, TN HUD Metro FMR Area",Madison County,1p1c,10193.81172,4495.38168,11013.76536,7330.33596,5322.47424,7669.48164,4358.57412,50383.8228,59989.23047
2520,TN,TRUE,"Clarksville, TN-KY MSA",Montgomery County,1p4c,15701.5764,11596.88304,12971.9244,15920.0952,9891.3084,13650.2868,5952.28128,85684.3536,69197.80469
2521,TN,FALSE,"Moore County, TN",Moore County,1p4c,11196,11231.05008,15266.7552,16421.5608,8126.20464,10017.87528,3216.17172,75475.6176,70907.46875
2522,TN,TRUE,"Morgan County, TN HUD Metro FMR Area",Morgan County,1p2c,8220,7056.94848,13091.52,9571.9416,5535.44124,10723.93584,3345.81264,57545.6016,50814.53906
2523,TN,FALSE,"Obion County, TN",Obion County,1p2c,7956,6944.9334,12363.9612,9821.781,5399.1954,8762.63892,2702.8398,53951.3496,52568.35938
2526,TN,FALSE,"Pickett County, TN",Pickett County,2p3c,9900,11164.80396,14987.9988,17455.392,7632.60936,9843.84084,3878.26572,74862.9084,47319.22656
2541,TN,TRUE,"Memphis, TN-MS-AR HUD Metro FMR Area",Tipton County,2p1c,9627.36036,7551.88764,13926.9156,11131.12944,6224.71872,7563.10248,5572.5234,61597.6404,71070.73438
2542,TN,TRUE,"Nashville-Davidson--Murfreesboro--Franklin, TN HUD Metro FMR Area",Trousdale County,1p1c,10346.529,4892.9322,12901.3752,7905.13332,5521.85784,7819.6392,5057.8554,54445.3248,60821.98828
2543,TN,TRUE,"Johnson City, TN MSA",Unicoi County,2p3c,10112.5518,11384.43972,15166.6716,17602.2864,7789.2078,11256.18756,4385.20308,77696.5488,51131.82813
2548,TN,FALSE,"Wayne County, TN",Wayne County,1p0c,6168,3102.1626,11707.47144,5518.79004,3358.94568,0,4416.0978,34271.4672,53306.64844
2557,TX,TRUE,"Wichita Falls, TX MSA",Archer County,1p4c,10995.90816,10572.55296,15137.7192,18967.326,7815.10404,11433.99384,4197.3204,79119.9252,85916.58594
2561,TX,FALSE,"Bailey County, TX",Bailey County,2p4c,12600,13483.8564,15735.7788,21892.5012,9451.20996,9384.7434,4203.078,86751.1704,64194.08203
2564,TX,FALSE,"Baylor County, TX",Baylor County,1p0c,6456,2977.66092,11807.72388,5506.79004,3418.18764,0,4478.18148,34644.5448,59775.65234
2571,TX,TRUE,"Texarkana, TX-Texarkana, AR HUD Metro FMR Area",Bowie County,2p2c,10012.314,8484.9456,13543.2216,15989.892,6702.28632,10930.14336,4894.70328,70557.504,63736.12109
2574,TX,FALSE,"Brewster County, TX",Brewster County,2p3c,13380,11384.43972,14458.4688,19172.772,8973.13332,9657.02712,5188.28904,82214.1324,67607.25
2581,TX,FALSE,"Calhoun County, TX",Calhoun County,2p2c,9864,8394.999,14926.3596,17315.238,6615.95508,8624.12628,4911.3204,70651.998,72632.53906
2582,TX,TRUE,"Abilene, TX MSA",Callahan County,2p1c,9591.78372,6794.33124,14009.694,13528.1256,5937.3354,6482.31,5638.68756,61982.268,65228.09766
2586,TX,FALSE,"Cass County, TX",Cass County,1p4c,12600,10755.46872,14269.7508,16027.2132,8462.60748,9479.5818,3037.1484,74631.768,55982.55469
2594,TX,FALSE,"Coleman County, TX",Coleman County,1p4c,11808,10462.8018,13500.8436,16385.712,8069.58984,9207.38448,2462.289,71896.6236,60031.33203
2596,TX,FALSE,"Collingsworth County, TX",Collingsworth County,2p2c,8808,9114.5706,14715.0684,16453.0416,6494.0544,8234.4258,4500.24612,68319.4104,51439.87891
2597,TX,FALSE,"Colorado County, TX",Colorado County,2p3c,12420,9737.17308,15998.6808,19172.772,8028.4182,9420.91992,4703.16396,79481.1264,64592.49219
2604,TX,FALSE,"Crane County, TX",Crane County,2p3c,12600,10725.53316,14822.2104,19172.772,8451.7602,9384.7434,4785.14832,79942.1664,74600.96875
2606,TX,TRUE,"Lubbock, TX HUD Metro FMR Area",Crosby County,1p4c,9747.79908,11157.8826,14026.1028,17999.3808,7574.95308,10913.88648,2990.28132,74410.2828,52159.68359
2609,TX,TRUE,"Dallas, TX HUD Metro FMR Area",Dallas County,1p0c,11730.9192,2998.41132,8870.05596,4165.47984,5337.01716,0,5063.328,38165.2116,68960.60938
2612,TX,FALSE,"Delta County, TX",Delta County,2p2c,8808,8275.07004,15666.1368,16848.2136,6189.8694,8154.61596,4526.5704,68468.478,63549.23828
2629,TX,FALSE,"Floyd County, TX",Floyd County,1p4c,11496,11157.8826,13985.694,16385.712,8208.3948,9285.4746,2749.63272,73268.7888,56169.4375
2644,TX,TRUE,"Longview, TX HUD Metro FMR Area",Gregg County,2p0c,8690.79276,5363.94036,12257.0304,9698.95968,5092.58424,0,5121.85548,46225.1628,62751.39453
2646,TX,TRUE,"San Antonio-New Braunfels, TX HUD Metro FMR Area",Guadalupe County,2p3c,19309.9536,11164.80396,15334.0092,16094.3436,11042.2068,14933.2968,7671.35964,95549.976,87043.01563
2653,TX,TRUE,"Houston-The Woodlands-Sugar Land, TX HUD Metro FMR Area",Harris County,2p1c,13520.8956,6889.02612,12701.544,9962.59428,7395.32004,7592.08296,5994.89064,64056.3516,73169.57031
2665,TX,FALSE,"Houston County, TX",Houston County,2p3c,10956,9737.17308,15060.6024,19172.772,7497.95292,9116.39652,3999.75768,75540.6564,48901.5625
2673,TX,FALSE,"Jasper County, TX",Jasper County,1p1c,9876,4296.60612,12055.6608,8046.8958,5135.29428,4918.56744,3996.86316,48325.8864,60614.56641
2679,TX,TRUE,"Abilene, TX MSA",Jones County,2p0c,7051.68012,5516.109,13560.2436,10778.95968,4553.80596,0,5190.95328,46651.752,64231.05078
2680,TX,FALSE,"Karnes County, TX",Karnes County,1p3c,12036,8517.68184,14174.5092,13367.1084,7447.40988,9556.60764,3744.72252,68844.0408,74725.21094
2689,TX,FALSE,"Kleberg County, TX",Kleberg County,2p4c,14856,12811.9044,13861.446,21414.0024,10025.17308,10378.3176,4378.30476,87725.1504,53730.72656
2690,TX,FALSE,"Knox County, TX",Knox County,1p3c,10956,8398.13604,13784.8584,13665.9816,7012.76736,9209.17164,3210,66236.9124,64025.68359
2694,TX,FALSE,"La Salle County, TX",La Salle County,1p0c,6456,2583.40644,11323.91088,5506.79004,3275.33352,0,4274.28924,33419.73,55959.96484
2705,TX,TRUE,"Lynn County, TX HUD Metro FMR Area",Lynn County,1p1c,8808,4678.8666,12611.196,8174.57076,4886.82348,6319.24956,4244.36724,49723.0728,57602.88672
2719,TX,FALSE,"Mills County, TX",Mills County,1p3c,10956,8099.27052,14746.1592,13665.9816,6904.47588,9209.17164,3351.93348,66932.994,63834.69531
2739,TX,FALSE,"Polk County, TX",Polk County,2p0c,7872,5268.83496,13160.0664,11013.58008,4761.4428,0,5309.8788,47385.8028,59630.86719
2754,TX,FALSE,"Sabine County, TX",Sabine County,2p3c,12600,10835.35176,15785.3976,19172.772,8491.55268,9384.7434,5025.41424,81295.23,51531.26563
2755,TX,FALSE,"San Augustine County, TX",San Augustine County,2p1c,9204,6865.35276,14403.6264,13733.3112,5822.56056,4776.48816,5318.73816,60124.0776,48517.53125
2766,TX,FALSE,"Starr County, TX",Starr County,2p4c,11280,11467.998,14491.068,17968.8192,8242.49712,9243.77412,2008.41408,74702.5728,34122.45703
2778,TX,TRUE,"San Angelo, TX MSA",Tom Green County,2p4c,15529.2204,12319.1376,14875.5384,23785.3116,10090.55856,13317.87,6010.42968,95928.0648,70791.4375
2786,TX,FALSE,"Van Zandt County, TX",Van Zandt County,2p0c,7296,5687.29836,13466.9256,11013.58008,4704.36108,0,5327.71476,47495.88,65720.97656
2788,TX,FALSE,"Walker County, TX",Walker County,1p0c,7692,2842.7844,10465.1814,5506.79004,3817.16784,0,4509.63096,34833.5532,66666.67969
2791,TX,FALSE,"Washington County, TX",Washington County,1p3c,13476,8218.81644,13810.1604,13636.0944,7860.88764,10097.4588,4270.68756,71370.1056,72435.39063
2809,UT,TRUE,"Logan, UT-ID MSA",Cache County,1p4c,13535.2776,10609.13604,14456.46,14794.1676,8748.47316,16597.0272,10284.96096,89025.504,69871.40625
2817,UT,FALSE,"Iron County, UT",Iron County,1p3c,12276,8876.32248,13725.9204,12543.4032,7664.32104,17638.2468,10058.61696,82782.8316,65554.625
2835,UT,TRUE,"Ogden-Clearfield, UT HUD Metro FMR Area",Weber County,2p3c,15181.1808,10798.7454,16402.7196,15398.9184,9413.5518,17490.3732,10929.28932,95614.7808,79465.03906
2838,VT,FALSE,"Caledonia County, VT",Caledonia County,2p3c,12564,14093.2776,15394.71,19768.5996,9658.98336,14714.8164,9164.21856,95358.6036,66743.69531
2839,VT,TRUE,"Burlington-South Burlington, VT MSA",Chittenden County,2p0c,15804.1656,7247.02584,12618.0444,13473.0804,8352.35592,0,9816.83568,67311.51,101076.6484
2842,VT,TRUE,"Burlington-South Burlington, VT MSA",Grand Isle County,1p3c,20146.374,10759.17696,15289.6932,13564.7196,11198.30052,21855.3168,16719.984,109533.5628,89015.54688
2853,VA,TRUE,"Richmond, VA MSA",Amelia County,1p3c,13685.0484,9563.71284,15071.6124,12650.6952,8423.94288,16379.6328,11385.40644,87160.0488,84043.65625
2857,VA,TRUE,"Staunton-Waynesboro, VA MSA",Augusta County,1p4c,15351.69,11962.71456,14719.1808,15848.3952,9897.0864,16990.4604,12865.5156,97635.0408,75494.30469
2863,VA,FALSE,"Buchanan County, VA",Buchanan County,2p3c,10560,10871.95824,15308.0784,18460.6872,7765.64424,12173.286,8067.27324,83206.9272,41970.48828
2866,VA,TRUE,"Richmond, VA MSA",Caroline County,1p3c,18108.6648,9892.46556,14681.058,12650.6952,10145.9136,18471.5508,14811.5088,98761.8516,79105.64844
2867,VA,FALSE,"Carroll County-Galax city, VA HUD Nonmetro FMR Area",Carroll County,2p3c,11322.97044,11860.31616,15608.7084,18460.6872,8400.219,12282.0084,8853.65628,86788.5648,57871.91406
2868,VA,TRUE,"Richmond, VA MSA",Charles City County,1p2c,10185.44976,7213.76952,14479.6776,10098.28932,6304.42308,14479.1292,8650.78488,71411.5248,78038.78125
2876,VA,TRUE,"Richmond, VA MSA",Dinwiddie County,1p4c,16650.6948,11304.21612,15256.6476,15203.1,10129.16676,17782.08,13555.6944,99881.6016,76677.21094
2878,VA,TRUE,"Washington-Arlington-Alexandria, DC-VA-MD HUD Metro FMR Area",Fairfax County,2p0c,20784.0876,7380.17364,11234.45436,10274.95968,10205.02224,0,11562.9726,71441.6724,148568.375
2886,VA,TRUE,"Richmond, VA MSA",Goochland County,2p0c,13273.2432,6695.41476,14605.7232,9986.95968,7235.4324,0,9453.31272,61250.0856,115181.1328
2888,VA,TRUE,"Charlottesville, VA HUD Metro FMR Area",Greene County,2p3c,18525.1008,12555.8304,17020.3416,19194.006,11261.84688,18977.1876,15443.7348,112978.0428,78504.96094
2896,VA,TRUE,"Virginia Beach-Norfolk-Newport News, VA-NC HUD Metro FMR Area",James City County,2p3c,21590.9688,14495.9412,15350.112,18440.0328,13075.7112,19993.428,17518.7976,120464.988,106618.4297
2910,VA,TRUE,"Charlottesville, VA HUD Metro FMR Area",Nelson County,2p2c,9701.29176,9714.21384,16020.21,16420.9908,7035.00288,14068.9056,9619.7424,82580.3556,80136.58594
2912,VA,FALSE,"Northampton County, VA",Northampton County,2p1c,9636,7480.86696,14174.1816,13223.9484,6202.11552,7042.6194,8333.59356,66093.3276,61318.97266
2917,VA,FALSE,"Patrick County, VA",Patrick County,2p1c,8412,6983.721,14078.826,13223.9484,5578.47732,6765.36624,7594.03488,62636.3736,61503.80078
2918,VA,FALSE,"Pittsylvania County-Danville city, VA HUD Nonmetro FMR Area",Pittsylvania County,1p2c,8700.00732,7056.94848,12861.5952,10539.5274,5709.36624,11193.81084,6417.23436,62478.492,58802.21875
2952,VA,FALSE,"Pittsylvania County-Danville city, VA HUD Nonmetro FMR Area",Danville city,1p1c,8184.00732,4097.83116,10268.82276,7921.15872,4450.1946,6682.55496,5323.70688,46928.2764,48837.89844
2953,VA,FALSE,"Greensville County-Emporia city, VA HUD Nonmetro FMR Area",Emporia city,1p0c,5707.69488,2977.66092,10022.95536,5302.79004,3147.04692,0,5056.40808,32214.5568,37757.42188
2956,VA,FALSE,"Southampton County-Franklin city, VA HUD Nonmetro FMR Area",Franklin city,1p1c,9611.58984,4724.73744,10224.40284,7921.15872,5194.61688,7245.5376,6269.9766,51192.018,48552.44141
2961,VA,TRUE,"Richmond, VA MSA",Hopewell city,1p3c,14679.12,10071.78516,12143.9412,12650.6952,8968.22904,16849.7268,11210.87472,86574.3756,48128.36328
2981,VA,TRUE,"Virginia Beach-Norfolk-Newport News, VA-NC HUD Metro FMR Area",Williamsburg city,1p0c,11516.8674,3434.16648,9231.20724,5221.47984,5417.34888,0,7029.38304,41850.4536,88563.75
3001,WA,FALSE,"Kittitas County, WA",Kittitas County,1p4c,16704,14596.7076,14551.638,12462.768,11341.48092,15263.8944,7821.33624,92741.8248,79299.71875
3008,WA,TRUE,"Pend Oreille County, WA HUD Metro FMR Area",Pend Oreille County,2p2c,11544,9504.33912,16186.4652,11628.31056,7626.6438,15340.872,6202.32792,78032.9592,61762.55859
3009,WA,TRUE,"Tacoma, WA HUD Metro FMR Area",Pierce County,1p1c,17532,5183.45028,11539.93584,6317.10348,8230.70364,11458.6164,7439.9568,67701.768,86636.39063
3011,WA,TRUE,"Mount Vernon-Anacortes, WA MSA",Skagit County,1p4c,21036,12328.5468,15017.6592,13539.5184,12089.2908,19678.6188,10999.38276,104689.02,80249.53906
3017,WA,FALSE,"Wahkiakum County, WA",Wahkiakum County,2p4c,13188,14469.3876,17150.8944,19662.4308,10021.36152,13938.6372,5630.07024,94060.7808,68070.35156
3033,WV,FALSE,"Grant County, WV",Grant County,1p2c,8112,6676.09716,12889.6776,14415.3588,5358.31092,11859.717,7450.6956,66761.8596,60793.23438
3034,WV,FALSE,"Greenbrier County, WV",Greenbrier County,1p1c,8664,4434.22008,11959.10304,12268.0704,4746.00144,6108.44856,7025.81616,55205.6604,52678.23047
3041,WV,TRUE,"Charleston, WV HUD Metro FMR Area",Kanawha County,1p2c,9756.69072,6362.45508,11258.60592,18137.0508,5840.60232,15943.1292,10437.30468,77735.8356,63683.75
3052,WV,TRUE,"Morgantown, WV MSA",Monongalia County,1p2c,10582.95924,6586.48536,11993.8074,15816.3372,6221.1672,17447.0028,10966.07808,79613.8356,81618.29688
3062,WV,TRUE,"Raleigh County, WV HUD Metro FMR Area",Raleigh County,1p3c,11520,8218.81644,12645.0288,19733.9916,7152.15156,17792.4972,12057.8436,89120.3316,57283.54297
3063,WV,FALSE,"Randolph County, WV",Randolph County,1p2c,8220,6541.6794,12463.6236,17118.87,5348.73852,11660.00316,8190.7734,69543.6852,58107.05859
3077,WI,FALSE,"Adams County, WI",Adams County,2p1c,9180,7125.76176,14863.8108,11412.315,5908.22064,8428.1814,7274.43756,64192.728,59595.95703
3078,WI,FALSE,"Ashland County, WI",Ashland County,1p1c,8808,5076.41748,11379.61008,8258.62056,5030.8722,8521.56084,6487.21068,53562.2928,61142.35547
3091,WI,FALSE,"Door County, WI",Door County,2p4c,12132,15947.6856,15474.6252,19684.164,10174.377,17873.304,10624.35132,101910.504,76052.89844
3092,WI,TRUE,"Duluth, MN-WI MSA",Douglas County,2p4c,13624.6068,12901.4988,14757.6216,22453.6644,9611.45436,18873.4524,10977.5544,103199.8476,70475.17969
3099,WI,TRUE,"Green County, WI HUD Metro FMR Area",Green County,1p2c,10296,6183.23076,13320.0384,9408.54048,5971.07556,16387.0668,7987.60176,69553.5528,82011.57031
3104,WI,FALSE,"Jefferson County, WI",Jefferson County,2p4c,14820,13304.67,15701.586,20210.5128,10190.67768,19216.2204,11454.64824,104898.3168,81202.42969
3105,WI,FALSE,"Juneau County, WI",Juneau County,1p0c,6432,3112.53768,11192.0574,4590.69,3458.36244,0,5018.65248,33804.2988,66105.00781
3121,WI,TRUE,"Appleton, WI MSA",Outagamie County,2p4c,13306.8444,13887.0276,15822.7824,20683.2216,9853.41216,17903.1456,10680.35964,102136.7928,84400.99219
3124,WI,TRUE,"Minneapolis-St. Paul-Bloomington, MN-WI HUD Metro FMR Area",Pierce County,2p3c,17445.258,14752.1856,16152.678,19223.8248,11666.40312,21004.7004,16513.1484,116758.1952,92352.73438
3135,WI,FALSE,"Shawano County, WI",Shawano County,1p0c,6672,2759.7834,11472.83352,4986.69,3417.50688,0,5158.16196,34466.976,70563.48438
3139,WI,FALSE,"Vernon County, WI",Vernon County,2p1c,8808,7409.84616,14733.2196,11711.94,5876.36532,8392.11696,7286.04708,64217.5368,67875.25781
3147,WI,TRUE,"Oshkosh-Neenah, WI MSA",Winnebago County,2p3c,12300,11238.01536,14158.2864,18009.0912,8528.751,17828.6256,9538.48464,91601.25,79314.09375
3151,WY,FALSE,"Campbell County, WY",Campbell County,2p0c,9252,6238.90944,13969.5468,14466.5592,5612.96772,0,6794.74224,56334.726,91476.85156
3156,WY,FALSE,"Goshen County, WY",Goshen County,2p0c,7332,5972.61432,14704.2432,14466.5592,4820.78652,0,6342.99972,53639.2032,66705.70313
3157,WY,FALSE,"Hot Springs County, WY",Hot Springs County,1p2c,9600,7594.62084,13733.7504,14472.6432,6230.28876,19877.0436,7785.04692,79293.3924,78295.48438